"20901","209","ENFANTS                       ","01",""
"22604","226","AIDE CULINAIRE                ","04",""
"22804","228","EPICES                        ","04",""
"26402","264","VINS DE TABLE                 ","02",""
"22001","220","PDTS EXOTIQ.ET EUROPEENS      ","01",""
"21914","219","AUTRES COMPOSANTS DE REPAS    ","14",""
"26608","266","SUD OUEST                     ","08",""
"08301","083","FRITES SURGELEES              ","01",""
"22901","229","STANDARD                      ","01",""
"28406","284","HYGIENE ADULTE                ","06",""
"03107","031","TRANCHE SEC, CRU, OU CUIT     ","07",""
"23007","230","AUTRE                         ","07",""
"28407","284","HYGIENE BEBE                  ","07",""
"23904","239","SEC CHIEN                     ","04",""
"03306","033","TARTE SALEE                   ","06",""
"20903","209","ADULTES                       ","03",""
"16108","161","PAINS REGIONAUX               ","08",""
"03310","033","PATE FRAICHE                  ","10",""
"28504","285","SAVONS                        ","04",""
"28605","286","ACCESSOIRES DE BEAUTE         ","05",""
"28101","281","LAVAGE DU LINGE               ","01",""
"28601","286","SOINS DU VISAGE               ","01",""
"22203","222","SEMOULES                      ","03",""
"21204","212","GELIFIES GOMMES               ","04",""
"26906","269","LIQUEURS                      ","06",""
"22701","227","LEGUMES CONDIMENTAIRES        ","01",""
"28602","286","SOINS DU CORPS                ","02",""
"26606","266","BORDEAUX                      ","06",""
"21501","215","AIDES A LA PATISSERIE         ","01",""
"22102","221","MENAGERE                      ","02",""
"22104","221","PREPARATIONS                  ","04",""
"11027","110","FROMAGES ITALIENS             ","27",""
"18216","182","POP-CORN                      ","16",""
"22103","221","PATISSIERE                    ","03",""
"22101","221","DE LUXE                       ","01",""
"31601","316","VAISSELLES A JETER            ","01",""
"10118","101","TRAITEUR FRAIS EMBALLE        ","18",""
"26212","262","CAVE A BIERE                  ","12",""
"08303","083","POMME RISSOLEE & SAUTEE SURGEL","03",""
"08101","081","PREPARATION BASE POISSON      ","01",""
"21402","214","A PREPARER                    ","02",""
"23503","235","THON                          ","03",""
"26302","263","EAUX GAZEUSES                 ","02",""
"27003","270","TEQUILA ET AUTRES             ","03",""
"08004","080","CREPES SURGELEES              ","04",""
"26105","261","BOISSON AUX FRUITS PETILLANTE ","05",""
"21203","212","SACHETS CHOCOLAT              ","03",""
"22106","221","AUTRES                        ","06",""
"39701","397","BOUGIES                       ","01",""
"02003","020","CREMES                        ","03",""
"20501","205","BISCUITS APERITIFS            ","01",""
"03401","034","CHARCUTERIE HALLAL            ","01",""
"28207","282","WC ET FOSSES                  ","07",""
"18509","185","SOUPES                        ","09",""
"20402","204","PATISS.A DLC COURTE -DE 30J.  ","02",""
"26602","266","LOIRE                         ","02",""
"08409","084","CHAMPIGNON SURGELE            ","09",""
"27004","270","WHISKY                        ","04",""
"26109","261","SIROPS ET CONCENTRES          ","09",""
"26107","261","PUR JUS                       ","07",""
"28210","282","FOURS                         ","10",""
"23302","233","AUTRES FRUITS AU SIROP        ","02",""
"21001","210","THES                          ","01",""
"22201","222","PUREE DE POMME DE TERRE       ","01",""
"32202","322","ECRITURE ENCRE                ","02",""
"08407","084","LEGUME CUISINE SURGELE        ","07",""
"11021","110","COMTE                         ","21",""
"26102","261","LIMONADE ET LIMES             ","02",""
"21002","210","INFUSIONS                     ","02",""
"23004","230","AUTRES HUILES VEGETALES       ","04",""
"20304","203","CASSE-CROUTE ET GOUTER        ","04",""
"08202","082","VOLAILLES DIVERSES ENTIERES   ","02",""
"18501","185","SALADES                       ","01",""
"22404","224","BRUN ET COMPLET               ","04",""
"27002","270","VODKA                         ","02",""
"23005","230","OLIVE                         ","05",""
"22204","222","AUTRES                        ","04",""
"03203","032","SAUCISSE SECHE PUR PORC       ","03",""
"28405","284","HYGIENE FEMININE              ","05",""
"23602","236","FOIE GRAS                     ","02",""
"28505","285","BAINS ET DOUCHES              ","05",""
"08401","084","HARICOTS VERTS                ","01",""
"20803","208","BOISSONS MALTEES              ","03",""
"26905","269","EAUX DE VIE                   ","05",""
"23206","232","PATE A TARTINER               ","06",""
"28403","284","MOUCHOIRS                     ","03",""
"26907","269","RHUM                          ","07",""
"00204","002","MOUSSE                        ","04",""
"26111","261","AUTRES                        ","11",""
"35705","357","CHIENS                        ","05",""
"35704","357","CHATS                         ","04",""
"10506","105","PATES / RILLETTES             ","06",""
"08106","081","COQUILLE CUISINEE             ","06",""
"09101","091","BATONNET CREME GLACEE         ","01",""
"08104","081","CRUSTACE COQUILLAG. MOLLU. SRG","04",""
"22202","222","FECULE                        ","02",""
"20401","204","PATISS A DLC LONGUE +DE 30J.  ","01",""
"03312","033","PLAT PREPARE                  ","12",""
"28508","285","HYGIENE BUCCO-DENTAIRE        ","08",""
"20904","209","BARRES CEREALIERES            ","04",""
"08304","083","AUTRES GARNITURES SURGELEES   ","04",""
"22805","228","HERBES                        ","05",""
"06801","068","BOEUF                         ","01",""
"22602","226","POTAGE LIQUIDE                ","02",""
"28603","286","MAQUILLAGE                    ","03",""
"26301","263","EAUX PLATES                   ","01",""
"20306","203","BISC.PATISSIERS               ","06",""
"31305","313","BOISSELLERIE & ART.ASSIMILES  ","05",""
"28201","282","LIQUIDES DE SYNTHESE          ","01",""
"26108","261","JUS ABC ET NECTARS            ","08",""
"21917","219","PRODUITS MINCEUR              ","17",""
"02201","022","PATE MOLLE CROUTE FLEURIE     ","01",""
"00205","002","ENTREMET                      ","05",""
"10505","105","SALAISON CUITE                ","05",""
"17001","170","MATIERES PREMIERES PATISSERIE ","01",""
"02206","022","PATE PERSILLEE                ","06",""
"26902","269","COGNAC                        ","02",""
"29605","296","BOITES A PIZZA                ","05",""
"21916","219","SOJAS ET DERIVES              ","16",""
"21305","213","AUTRES                        ","05",""
"20801","208","INSTANTANE                    ","01",""
"22803","228","POIVRE                        ","03",""
"29603","296","BARQUETTES UTILISATION CHAUDE ","03",""
"26607","266","PROVENCE                      ","07",""
"23501","235","SARDINES                      ","01",""
"26110","261","BOISSONS DE L'EFFORT          ","10",""
"08501","085","A BASE DE VIANDE              ","01",""
"03302","033","POTAGE ET SOUPE               ","02",""
"08502","085","A BASE DE POISSON             ","02",""
"21901","219","BISCUITS                      ","01",""
"21304","213","TURBINE                       ","04",""
"21208","212","PATE A MACHER                 ","08",""
"03101","031","JAMBON CUIT ET EPAULE         ","01",""
"21701","217","MORCEAUX                      ","01",""
"20503","205","GRAINES ET MELANGES           ","03",""
"26401","264","VINS DE PAYS                  ","01",""
"35403","354","TUTEURS ET LIENS              ","03",""
"21703","217","SPECIAUX                      ","03",""
"05703","057","POULET FUME                   ","03",""
"20308","203","ASSORTIMENTS                  ","08",""
"28509","285","RASAGE                        ","09",""
"38403","384","FROID                         ","03",""
"26801","268","ANISES                        ","01",""
"22301","223","QUALITE SUPERIEURE            ","01",""
"32806","328","ACCESSOIRES PAPETERIE         ","06",""
"23204","232","MIEL                          ","04",""
"20307","203","ANGLO/AMERICAINS              ","07",""
"02202","022","PATE MOLLE CROUTE LAVEE/MIXTE ","02",""
"23003","230","MELANGE                       ","03",""
"05103","051","DECOUPE                       ","03",""
"20804","208","CACAO PUR                     ","04",""
"08005","080","SNACKS SURGELES               ","05",""
"28506","285","DEODORANTS                    ","06",""
"10113","101","PLATS PREPARES                ","13",""
"08201","082","VIANDE PORC/PORCELET          ","01",""
"26605","266","BOURGOGNE MACON CHALON        ","05",""
"20601","206","MOULUS                        ","01",""
"21205","212","SACHETS MENTHE                ","05",""
"23701","237","CASSOULETS                    ","01",""
"00601","006","JUS FRUITS                    ","01",""
"23703","237","A BASE DE VIANDE              ","03",""
"21201","212","SACHETS FRUITS                ","01",""
"35402","354","PROTECTIONS                   ","02",""
"26201","262","BIERES                        ","01",""
"26603","266","RHONE                         ","03",""
"03202","032","SAUCISSON SEC PUR PORC        ","02",""
"04301","043","OEUFS DE POISSONS             ","01",""
"18507","185","SAUCES FRAICHES ET ACCOMPAGNEM","07",""
"23202","232","CONFITURE                     ","02",""
"23801","238","PETITS POTS                   ","01",""
"22402","224","LONG ORDINAIRE                ","02",""
"08406","084","MELANGE DE LEGUMES SURGELE    ","06",""
"23106","231","AUTRES                        ","06",""
"08402","084","EPINARDS                      ","02",""
"21302","213","BARRES FONDANTES              ","02",""
"22005","220","PRODUITS HALAL                ","05",""
"20403","204","VIENNOISERIES                 ","03",""
"29902","299","PAPIER CADEAU                 ","02",""
"18203","182","RAISINS                       ","03",""
"05008","050","DECOUPE                       ","08",""
"20101","201","BISCOTTES ET ASSIMILES        ","01",""
"28507","285","DEODORANTS PARFUMANTS         ","07",""
"11203","112","PATE PRESSEE NON CUITE        ","03",""
"22304","223","FOURREE ET SPECIALITE         ","04",""
"16305","163","AIDES A LA PATISSERIE         ","05",""
"00803","008","FERMENTE OU BATTU             ","03",""
"02104","021","POULE PLEIN AIR               ","04",""
"11207","112","BLEU ET ASSIMILES             ","07",""
"11205","112","EMMENTAL ET ASSIMILES         ","05",""
"31309","313","ACC.PREPARATION PATISSERIE    ","09",""
"11201","112","PATES MOLLES                  ","01",""
"23901","239","HUMIDE CHIEN                  ","01",""
"26101","261","COLA                          ","01",""
"22302","223","AUX OEUFS                     ","02",""
"20103","201","SPECIALITES                   ","03",""
"28802","288","HYGIENE                       ","02",""
"20305","203","BISCUITS SECS                 ","05",""
"21102","211","NOIR A CROQUER & NOIR DEGUST. ","02",""
"08405","084","AUTRES LEGUMES NATURES SURGEL.","05",""
"03104","031","SAUCISSON CUIT                ","04",""
"11023","110","ROQUEFORT                     ","23",""
"29401","294","EMBALLAGE BOULANGERIE/PATISSER","01",""
"03303","033","SALADE ET CRUDITE             ","03",""
"07104","071","AUTRES DECOUPES               ","04",""
"02209","022","FROMAGES A CUISINER           ","09",""
"00405","004","SPECIALITES                   ","05",""
"18602","186","LEGUMES                       ","02",""
"23104","231","VINAIGRETTES                  ","04",""
"16203","162","MINI VIENNOISERIE             ","03",""
"23409","234","SALSIFIS                      ","09",""
"21107","211","SPECIALITES                   ","07",""
"02205","022","CHEVRES ET BREBIS             ","05",""
"20502","205","EXTRUDES                      ","02",""
"02203","022","PATE PRESSEE CUITE            ","03",""
"20202","202","PANIFICATION SEMI-FRAICHE     ","02",""
"28404","284","COTON                         ","04",""
"31502","315","BOITES HERMETIQUES            ","02",""
"31901","319","PLATS & ART. DE CONGELATION   ","01",""
"18506","185","OLIVES , AROMATES , CONDIMENTS","06",""
"23707","237","PLAT EXOTIQUE                 ","07",""
"18504","185","CRUDITES                      ","04",""
"21207","212","PETITE CONFISERIE             ","07",""
"28306","283","TISSUS ET TAMPONS             ","06",""
"00203","002","CREME                         ","03",""
"21702","217","POUDRES                       ","02",""
"23905","239","SEC CHAT                      ","05",""
"27001","270","GIN                           ","01",""
"20701","207","CAFES SOLUBLES                ","01",""
"23805","238","LAIT MATERNISE                ","05",""
"23807","238","BOISSONS                      ","07",""
"06601","066","BOEUF                         ","01",""
"08002","080","PIZZA SURGELEE                ","02",""
"26303","263","EAUX AROMATISEES              ","03",""
"00101","001","NATURE                        ","01",""
"06802","068","PORC                          ","02",""
"16301","163","INDIVIDUELLE                  ","01",""
"23201","232","COMPOTE                       ","01",""
"21918","219","COMPLEMENTS NUTRITIONNELS     ","18",""
"28804","288","ACCESSOIRES ET DIVERS         ","04",""
"23803","238","FARINE                        ","03",""
"08801","088","INDUSTRIE ALI                 ","01",""
"26103","261","SODA                          ","03",""
"22105","221","EPAISSISSANTS                 ","05",""
"22305","223","SAUCES TOMATES CHAUDES        ","05",""
"23806","238","BISCUITS                      ","06",""
"23710","237","BASE DE PATE                  ","10",""
"11208","112","PIECES ( CHEVRES,BREBIS,....) ","08",""
"28211","282","METAUX                        ","11",""
"28203","282","NETTOYANTS MENAGERS           ","03",""
"22706","227","SAUCES CHAUDES SANS TOMATE    ","06",""
"26610","266","AUTRES AOC                    ","10",""
"02204","022","PATE PRESSEE NON CUITE        ","04",""
"30801","308","GANTS                         ","01",""
"10005","100","JAMBONS ET SALAISONS SECS     ","05",""
"11206","112","ROQUEFORT                     ","06",""
"21920","219","SANS GLUTEN                   ","20",""
"23401","234","HARICOTS VERTS                ","01",""
"09203","092","SPECIALITE A PARTAGER         ","03",""
"08603","086","VIENNOISERIE                  ","03",""
"35707","357","BASSE COUR                    ","07",""
"28702","287","SHAMPOOINGS ADULTES           ","02",""
"26106","261","BOISSON AUX FRUITS PLATE      ","06",""
"28703","287","SOINS DU CHEVEUX              ","03",""
"26501","265","VINS D'ITALIE                 ","01",""
"21915","219","BOISSONS ET JUS               ","15",""
"00105","001","A BASE DE SOJA                ","05",""
"01601","016","BEURRE 82% MG                 ","01",""
"18202","182","ABRICOTS                      ","02",""
"29901","299","SAC DE SORTIE DE CAISSE       ","01",""
"03308","033","SNACK                         ","08",""
"08003","080","QUICHES TARTES SURGELEES      ","03",""
"09001","090","CREME GLACEE                  ","01",""
"13607","136","AUTRES                        ","07",""
"22405","224","EXOTIQUE                      ","05",""
"18204","182","FIGUES                        ","04",""
"00206","002","FLAN NAPPE                    ","06",""
"23301","233","ANANAS                        ","01",""
"26604","266","BEAUJOLAIS                    ","04",""
"09106","091","GLACE INDIVIDUELLE            ","06",""
"35701","357","OISELLERIE                    ","01",""
"28204","282","EAU DE JAVEL                  ","04",""
"23416","234","AUTRES CHAMPIGNONS            ","16",""
"31005","310","VERRES A PIEDS                ","05",""
"21202","212","SACHETS CARAMEL               ","02",""
"22501","225","LENTILLES                     ","01",""
"21904","219","PETIT DEJEUNER                ","04",""
"22502","225","HARICOTS                      ","02",""
"08601","086","PATISSERIE SALEE              ","01",""
"22704","227","SAUCES EMULSIONNEES           ","04",""
"22703","227","MAYONNAISE                    ","03",""
"22503","225","POIS                          ","03",""
"23002","230","TOURNESOL                     ","02",""
"08205","082","VOLAILLE DIV DECOUPE          ","05",""
"21403","214","GATEAUX EXPRESS               ","03",""
"04406","044","FILET DE POISSON              ","06",""
"20204","202","SPECIALITES (PAINS SPECIAUX)  ","04",""
"20602","206","GRAINS                        ","02",""
"22403","224","LONG PRETRAITE                ","03",""
"22401","224","ROND                          ","01",""
"03304","033","PRODUITS ELABORES PANES       ","04",""
"23502","235","MAQUEREAUX                    ","02",""
"20301","203","BISCUITS AUX OEUFS            ","01",""
"11003","110","MUNSTER/PT LEVEQUE/MAROILLE/  ","03",""
"28501","285","EAUX DE COLOGNE               ","01",""
"03205","032","CHORIZO                       ","05",""
"23708","237","DESHYDRATE                    ","08",""
"10507","105","AUTRES PROD.CHARCUTERIE       ","07",""
"10501","105","JAMBON CUIT                   ","01",""
"08102","081","SAUMON FUME/MARINE            ","02",""
"20506","205","AUTRES                        ","06",""
"31705","317","RANGEMENT PENDERIE            ","05",""
"30002","300","PETITE QUINCAILLERIE          ","02",""
"08103","081","POISSON CUIT                  ","03",""
"20504","205","CONDIMENTS                    ","04",""
"00207","002","COMPOTE ET CONFITURE FRAICHE  ","07",""
"32204","322","DESSIN                        ","04",""
"28502","285","EAUX DE TOILETTE              ","02",""
"05704","057","POULET ROTI                   ","04",""
"21206","212","AUTRES BONBONS SACHETS ET BTE ","06",""
"11202","112","HOLLANDES ET PETITES MEULES   ","02",""
"31407","314","MISE EN BOCAUX                ","07",""
"23902","239","HUMIDE CHAT                   ","02",""
"08701","087","FRUITS                        ","01",""
"04302","043","BEURRES                       ","02",""
"21211","212","DIVERS                        ","11",""
"20102","201","PAIN SUEDOIS                  ","02",""
"03105","031","PATE                          ","05",""
"21704","217","EDULCORANTS DE SYNTHESE       ","04",""
"23404","234","HARICOTS BLANCS               ","04",""
"11020","110","BEAUFORT ET ABONDANCE         ","20",""
"28701","287","MAINTIEN DE LA COIFFURE       ","01",""
"10020","100","RILLETTES                     ","20",""
"16103","161","PAINS CAPMPAGNE               ","03",""
"03305","033","ENTREES                       ","05",""
"36607","366","HALOGENE                      ","07",""
"26701","267","CHAMPAGNES                    ","01",""
"06705","067","CHAIR                         ","05",""
"06712","067","AUTRES                        ","12",""
"06001","060","RACE A VIANDE                 ","01",""
"00103","001","FRUIT ET PULPE                ","03",""
"23419","234","MAIS                          ","19",""
"00102","001","AROMATISE                     ","02",""
"03106","031","RILLETTES                     ","06",""
"28704","287","COLORATION                    ","04",""
"22601","226","BOUILLON                      ","01",""
"04203","042","CRUSTACES ET COQUILLAGES      ","03",""
"06402","064","LABEL                         ","02",""
"21902","219","PANIFICATION                  ","02",""
"28302","283","INSECTICIDES                  ","02",""
"22603","226","DESHYDRATE                    ","03",""
"00302","003","AROMATISES                    ","02",""
"26809","268","COCKTAILS                     ","09",""
"11029","110","CHEVRES A DECOUPER            ","29",""
"08602","086","PATISSERIE SUCREE MINI        ","02",""
"29101","291","EMBALLAGE BOUCHERIE           ","01",""
"05001","050","STANDARD                      ","01",""
"05401","054","CAILLES                       ","01",""
"00202","002","GELIFIES AVEC CREME           ","02",""
"10503","105","SAUCISSON SEC                 ","03",""
"26806","268","VINS DE LIQUEUR               ","06",""
"06004","060","UVC PREEMBALLEE SOUS ATMOSPHER","04",""
"21104","211","LAIT+INGREDIENTS              ","04",""
"80101","801","PREPA.CULINAIRE               ","01",""
"27103","271","ALCOOLS DE GRAINS             ","03",""
"31301","313","PETITS USTENSILES CUISINE     ","01",""
"05604","056","AUTRES                        ","04",""
"23709","237","BARQUETTE                     ","09",""
"06710","067","SAUCES                        ","10",""
"23425","234","POIS CAROTTES                 ","25",""
"35706","357","LITIERES CHAT                 ","06",""
"32803","328","COLLE/ADHESIF/ETIQUETTE       ","03",""
"01701","017","VEGETALE NORMALE 82%MG        ","01",""
"13905","139","PAUPIETTE                     ","05",""
"20603","206","DECAFEINE                     ","03",""
"10021","100","PATES DE TETE ET LANGUES      ","21",""
"21502","215","FRUITS SECS ET CONFITS        ","02",""
"28208","282","VITRES                        ","08",""
"09002","090","SORBET                        ","02",""
"04401","044","SOUPE POISSONS                ","01",""
"03301","033","PRODUIT COCKTAIL              ","01",""
"21503","215","DECOR A PATISSERIE            ","03",""
"36701","367","ROBINETTERIE                  ","01",""
"08105","081","ESCARGOT GRENOUILLE SURGELES  ","05",""
"08302","083","POMMES NOISETTE               ","02",""
"28402","284","ESSUIE TOUT                   ","02",""
"20303","203","ACCOMPAGNEMENTS               ","03",""
"10002","100","JAMBON CUIT                   ","02",""
"18206","182","AUTRES FRUITS SEC             ","06",""
"23422","234","ARTICHAUTS                    ","22",""
"10603","106","CHARCUTERIE PATISSIERE        ","03",""
"26904","269","BRANDY ET MARCS               ","04",""
"06105","061","UVC PREEMBALLEE SOUS ATMOSPHER","05",""
"21103","211","LAIT                          ","03",""
"28604","286","BEBE                          ","04",""
"23101","231","D'ALCOOL                      ","01",""
"23102","231","DE VIN                        ","02",""
"00104","001","A BOIRE                       ","04",""
"21401","214","A CONSOMMER                   ","01",""
"10302","103","AUTRES PRODUITS ROTIS         ","02",""
"72104","721","BAVOIRS                       ","04",""
"28202","282","LAVE VAISSELLE                ","02",""
"31104","311","COMPLEMENT VAISSELLE          ","04",""
"00501","005","EPAISSE                       ","01",""
"23414","234","TOMATES                       ","14",""
"04101","041","SAUMON FUME                   ","01",""
"23105","231","SAUCES EMULSIONNEES           ","05",""
"02301","023","CUBE APERITIF                 ","01",""
"00208","002","AUTRES DESSERTS               ","08",""
"22702","227","MOUTARDES                     ","02",""
"22705","227","KETCHUP                       ","05",""
"22707","227","AUTRES SAUCES                 ","07",""
"05710","057","AUTRES                        ","10",""
"18502","185","SALADES BOUQUETS              ","02",""
"03109","031","CHARCUTERIE FRAICHE ET A CUIRE","09",""
"26601","266","ALSACE                        ","01",""
"04403","044","SURIMI                        ","03",""
"23506","235","SALADES DE POISSON            ","06",""
"32201","322","ECRITURE CRAYON               ","01",""
"10107","101","TRAITEUR DE LA MER            ","07",""
"26807","268","AMERS BITTERS GENTIANES       ","07",""
"01703","017","ALLEGE MIXTE CUISINABLE 60%MG ","03",""
"23103","231","SPECIAUX                      ","03",""
"26802","268","VINS DOUX NATURELS            ","02",""
"10105","101","CHARCUTERIE PATISSIERE        ","05",""
"29601","296","EMBALLAGE TRAITEUR/CHARC/FROM ","01",""
"16601","166","GALETTE ROIS                  ","01",""
"22801","228","GROS SEL                      ","01",""
"28301","283","DESODORISANTS                 ","01",""
"23601","236","PATES                         ","01",""
"28104","281","SOINS DU LINGE                ","04",""
"08503","085","A BASE DE PATE                ","03",""
"16205","162","AUTRES VIENNOISERIE           ","05",""
"26205","262","CIDRES                        ","05",""
"06701","067","SAUCISSERIE                   ","01",""
"01901","019","UHT + STERILISE               ","01",""
"34401","344","ECRITURE                      ","01",""
"23408","234","CELERIS                       ","08",""
"28205","282","SOLS                          ","05",""
"11209","112","AUTRES CREMERIES              ","09",""
"22802","228","SEL FIN                       ","02",""
"08504","085","EXOTIQUE                      ","04",""
"23418","234","AUTRES LEGUMES                ","18",""
"03103","031","PRODUIT COCKTAIL              ","03",""
"23402","234","HARICOTS BEURRES              ","02",""
"10019","100","PATES                         ","19",""
"10009","100","SALAISON CUITE                ","09",""
"11019","110","EMMENTAL                      ","19",""
"28103","281","ASSOUPLISSANTS                ","03",""
"32805","328","MESURE                        ","05",""
"13901","139","SAUCISSERIE                   ","01",""
"09201","092","COUPE                         ","01",""
"26804","268","APERITIFS A BASE DE VIN       ","04",""
"30804","308","BROSSERIE                     ","04",""
"31503","315","ARTICLES DE TABLE PLASTIQUE   ","03",""
"16101","161","PAIN BLANC                    ","01",""
"16105","161","PAINS SPECIAUX                ","05",""
"03307","033","CHARCUTERIE PATISSIERE        ","07",""
"04102","041","AUTRES POISSONS FUMES         ","02",""
"21601","216","LAIT CONCENTRE SUCRE          ","01",""
"16304","163","PATISSERIES A PARTAGER        ","04",""
"26202","262","BIERES SANS ALCOOL ET LIGHT   ","02",""
"09104","091","POT                           ","04",""
"09103","091","CONE                          ","03",""
"20703","207","CHICOREE                      ","03",""
"16202","162","PAINS AU CHOCOLAT             ","02",""
"23001","230","ARACHIDE                      ","01",""
"10602","106","SALADES                       ","02",""
"23407","234","POIS CHICHES                  ","07",""
"10301","103","VOLAILLES ROTIES              ","01",""
"28212","282","ENTRETIEN DES MACHINES        ","12",""
"21912","219","PLATS CUISINES                ","12",""
"23504","235","FRUITS DE MER                 ","04",""
"10016","100","CHOUCROUTE                    ","16",""
"10112","101","VIANDES FROIDES               ","12",""
"11018","110","RACLETTES                     ","18",""
"10013","100","SAUCISSES CUITES              ","13",""
"21101","211","PATISSIER                     ","01",""
"26702","267","MOUSSEUX ET AUTRES PETILLANTS ","02",""
"36901","369","ADJUVANTS                     ","01",""
"21909","219","CONFITURES ET MIELS           ","09",""
"29905","299","PINCES A ETIQUETER ETIQUETTES ","05",""
"32603","326","ADMINISTRATIF REPROGRAPHIE    ","03",""
"10103","101","SALADES ET CRUDITES           ","03",""
"21603","216","LAIT EN POUDRE                ","03",""
"23424","234","MELANGES                      ","24",""
"06007","060","VIANDE DE REFORME ""CHR""       ","07",""
"36102","361","TRINGLERIE FENETRE            ","02",""
"10024","100","BOUDINS                       ","24",""
"62601","626","MI CHAUSSETTE INTARSIA        ","01",""
"28307","283","PRODUITS D'ALLUMAGE           ","07",""
"11001","110","BRIES/CAMEMBERTS/COULOMIERS   ","01",""
"20604","206","NAPOLITAIN                    ","04",""
"23604","236","AUTRES                        ","04",""
"20802","208","PULVERISE                     ","02",""
"10604","106","PLATS CUISINES                ","04",""
"02208","022","PATES FRAICHES                ","08",""
"06201","062","ETRANGER                      ","01",""
"16507","165","PATISSERIE SECHE DU MONDE     ","07",""
"37403","374","FONCTIONNEMENT                ","03",""
"06005","060","UVC PREEMBALLEE SOUS VIDE     ","05",""
"30405","304","ECLAIRAGE PORTATIF            ","05",""
"11090","110","COMMANDE CLIENT FROMAGE       ","90",""
"26810","268","PRODUITS POUR COCKTAILS       ","10",""
"28801","288","PANSEMENTS                    ","01",""
"31404","314","POUBELLES                     ","04",""
"36402","364","ACCESSOIRES WC                ","02",""
"36404","364","ACCESSOIRES SALLE DE BAIN     ","04",""
"23704","237","QUENELLES                     ","04",""
"11007","110","MIMOLETTE                     ","07",""
"16106","161","PAINS VIENNOIS                ","06",""
"05203","052","DECOUPE                       ","03",""
"35601","356","SUPPORTS DE CULTURE           ","01",""
"30803","308","TEXTILE ENTRETIEN             ","03",""
"04402","044","ACCOMPAGNEMENTS               ","02",""
"11017","110","PYRENEES PUR BREBIS           ","17",""
"03108","031","SALAISON ET FUMAISON          ","08",""
"23415","234","CHAMPIGNON DE PARIS           ","15",""
"08802","088","PATISSERIE                    ","02",""
"02107","021","EN CAGE                       ","07",""
"72102","721","TETINES / SUCETTES            ","02",""
"79027","790","SEMELLES                      ","27",""
"21602","216","LAIT CONCENTRE NON SUCRE      ","02",""
"03102","031","SAUCISSE CUITE                ","02",""
"21911","219","HUILE/VINAIGRE/CONDIMENTS     ","11",""
"21106","211","BLANC                         ","06",""
"23505","235","DIVERS                        ","05",""
"22605","226","CROUTONS                      ","05",""
"64600","646","BAS FIN                       ","00",""
"15702","157","POISSON COUPE (DARNE/PAVE)    ","02",""
"26104","261","TONIC BITTERS                 ","04",""
"06501","065","CHEVAL                        ","01",""
"34509","345","CHARBON DE BOIS               ","09",""
"18212","182","MELANGES EXOTIQUE             ","12",""
"11026","110","AUTRES PATES PERSILLEES       ","26",""
"72204","722","ACCESSOIRES MEDICAUX          ","04",""
"30901","309","CONTENANT CAFE ET DEJEUNER    ","01",""
"28304","283","EMBALLAGES MENAGERS           ","04",""
"11022","110","FROMAGES SUISSES              ","22",""
"29301","293","EMBALLAGE POISSONNERIE        ","01",""
"30201","302","COLLES BRICO                  ","01",""
"11032","110","FONDUES                       ","32",""
"80001","800","CAFETIERE                     ","01",""
"13601","136","POULET                        ","01",""
"29903","299","HYGIENE                       ","03",""
"02105","021","OEUFS BIO                     ","05",""
"21705","217","ALLEGE                        ","05",""
"03110","031","CHARCUTERIE DE VOLAILLE       ","10",""
"28209","282","MEUBLES                       ","09",""
"23804","238","POTAGE                        ","04",""
"05707","057","MAGRETS FUMES/SECHES          ","07",""
"00502","005","FLUIDE                        ","02",""
"11030","110","MI CHEVRE A DECOUPER          ","30",""
"16302","163","TARTES A PARTAGER             ","02",""
"03314","033","PATE MENAGERE                 ","14",""
"30103","301","FIL ET CABLE                  ","03",""
"18511","185","SALADES DE FRUITS             ","11",""
"00402","004","PATE LISSE FRUITEE ET AROMATIS","02",""
"18207","182","MELANGES FRUITS SEC           ","07",""
"32203","322","ECRITURE EFFACAGE             ","03",""
"00403","004","CAMPAGNE                      ","03",""
"16501","165","PETITS FOURS                  ","01",""
"20302","203","GAUFRETTES                    ","02",""
"15706","157","PRODUITS ELABORES             ","06",""
"03111","031","FOIE GRAS                     ","11",""
"23426","234","PETIT POIS                    ","26",""
"23405","234","MARRONS                       ","05",""
"28401","284","PAPIER TOILETTE               ","01",""
"23203","232","GELEE                         ","03",""
"23205","232","CREME DE FRUIT                ","05",""
"28503","285","PARFUMS                       ","03",""
"16204","162","BRIOCHERIE                    ","04",""
"08408","084","PUREE SURGELEE                ","08",""
"26805","268","PORTO                         ","05",""
"30001","300","OUTILLAGE A MAIN              ","01",""
"03315","033","DESSERT                       ","15",""
"23413","234","EPINARDS                      ","13",""
"28303","283","CIRAGES                       ","03",""
"30009","300","SERRURERIE SECURITE           ","09",""
"21303","213","BARRES CROUSTILLANTES         ","03",""
"00802","008","PASTEURISE                    ","02",""
"20203","202","PANIFICATION SUCREE           ","03",""
"21301","213","BOUCHEE ROCHER GRIOTTE        ","01",""
"30702","307","ACCESSOIRES                   ","02",""
"10104","101","TARTES ET ASSIMILES           ","04",""
"35702","357","RONGEURS                      ","02",""
"23403","234","FLAGEOLETS                    ","03",""
"23410","234","CHOUX DE BRUXELLES            ","10",""
"23417","234","SALADES                       ","17",""
"16104","161","PAINS BIOLOGIQUES             ","04",""
"26803","268","VERMOUTHS                     ","03",""
"30105","301","DOMOTIQUE                     ","05",""
"29201","292","EMBALLAGE FRUITS ET LEGUMES   ","01",""
"64603","646","COLLANT OPAQUE                ","03",""
"23411","234","POMME DE TERRE                ","11",""
"23423","234","ASPERGES                      ","23",""
"36606","366","ECONOMIE D'ENERGIE            ","06",""
"23406","234","LENTILLES PREPAREES           ","06",""
"23706","237","ESCARGOTS                     ","06",""
"23412","234","CAROTTES                      ","12",""
"11102","111","CREME FRAICHE                 ","02",""
"23705","237","SALADES LEGUMES CUISINES      ","05",""
"23421","234","COEUR DE PALMIER              ","21",""
"80502","805","HOMME                         ","02",""
"09003","090","TYPE HAAGEN DAZS              ","03",""
"28305","283","OUTILS D'ESSUYAGE             ","05",""
"18201","182","PRUNEAUX                      ","01",""
"21919","219","DIETETIQUE SPORTIVE           ","19",""
"05705","057","ROTIS CUITS                   ","05",""
"05003","050","FERMIER                       ","03",""
"26903","269","CALVADOS                      ","03",""
"13904","139","CHAIR                         ","04",""
"09102","091","GLACE A L'EAU                 ","02",""
"20902","209","FAMILLE                       ","02",""
"04202","042","AUTRES POISSONS MARINES       ","02",""
"21105","211","NOIR+INGREDIENTS              ","05",""
"10102","101","ENTREES FROIDES               ","02",""
"16102","161","RUSTIQUE / LEVAIN             ","02",""
"16505","165","PATES JAUNES                  ","05",""
"22504","225","AUTRES                        ","04",""
"11004","110","SAINT PAULIN                  ","04",""
"18508","185","PUREE                         ","08",""
"02210","022","SPECIALITES ET AUTRES         ","10",""
"22406","224","CUISINE                       ","06",""
"06803","068","VEAU                          ","03",""
"31903","319","PLAT ET ART. DE FOUR          ","03",""
"23702","237","CHOUCROUTE                    ","02",""
"18208","182","AMANDES                       ","08",""
"08403","084","PETIT POIS                    ","03",""
"18209","182","NOISETTES                     ","09",""
"11011","110","TOMMES DE SAVOIE              ","11",""
"06708","067","PRODUITS DE PORC SALE         ","08",""
"18210","182","PISTACHES                     ","10",""
"31101","311","ASSIETTES                     ","01",""
"06903","069","AUTRES                        ","03",""
"13907","139","AUTRES                        ","07",""
"23802","238","PUREE                         ","02",""
"02207","022","FROMAGES FONDUS               ","07",""
"16201","162","CROISSANTS                    ","01",""
"18218","182","NOIX SECHES                   ","18",""
"06602","066","ASSAISONNE                    ","02",""
"10018","100","MORTADELLES/ROULADES/BALLOTINE","18",""
"00603","006","BOISSON AUX FRUITS            ","03",""
"11025","110","BLEU D AUVERGNE               ","25",""
"08404","084","CHOUX                         ","04",""
"11103","111","BEURRE                        ","03",""
"21906","219","CEREALES                      ","06",""
"21905","219","SUCRES ET DERIVES             ","05",""
"27203","272","ALCOOLS PATISSIERS            ","03",""
"10010","100","FUMEE CRUE                    ","10",""
"26504","265","AUTRES PROVENANCES            ","04",""
"27201","272","ALCOOLS MODIFIES              ","01",""
"00504","005","SAUCES FRAICHES               ","04",""
"27102","271","SPIRITUEUX                    ","02",""
"06401","064","STANDARD                      ","01",""
"21908","219","CHOCOLATS                     ","08",""
"31002","310","CHOPPES ET BOCKS              ","02",""
"10007","100","SAUCISSONS SECS PIMENTES      ","07",""
"10502","105","JAMBON SEC                    ","02",""
"10804","108","LES DESSERTS                  ","04",""
"02101","021","FRAIS                         ","01",""
"00401","004","PATES LISSES NATURES          ","01",""
"09105","091","BARRE GLACEE                  ","05",""
"30401","304","SALINES                       ","01",""
"00201","002","GELIFIES SANS CREME           ","01",""
"33602","336","PAPIER CADEAU                 ","02",""
"33601","336","CARTERIE                      ","01",""
"00404","004","FAISSELLE                     ","04",""
"18211","182","ARACHIDES                     ","11",""
"11028","110","FROMAGES D EUROPE             ","28",""
"62605","626","MI BAS FIN                    ","05",""
"06703","067","SNACK                         ","03",""
"04201","042","ANCHOIS                       ","01",""
"04103","041","POISSON SALE                  ","03",""
"26901","269","ARMAGNAC                      ","01",""
"02211","022","FROMAGE FRAIS EMBALLE         ","11",""
"32601","326","CARNETS                       ","01",""
"13606","136","PINTADE                       ","06",""
"39801","398","TABLE EN FETE                 ","01",""
"29801","298","SACS ISOTHERMES               ","01",""
"01602","016","BEURRE ALLEGE                 ","02",""
"31007","310","DEGUSTATION, BAR ACCESSOIRES  ","07",""
"72609","726","PARURES                       ","09",""
"10004","100","JAMBONNEAUX CUITS             ","04",""
"20201","202","PAIN LONGUE CONSERVATION      ","01",""
"03402","034","CHARCUTERIE CASHER            ","02",""
"00301","003","NATURE                        ","01",""
"32605","326","ADMINISTRATIF/BRISTOL         ","05",""
"08803","088","FROMAGES                      ","03",""
"26808","268","PUNCHS                        ","08",""
"11104","111","OEUFS                         ","04",""
"32901","329","CLASSEMENT                    ","01",""
"10011","100","FUMEE CUITE                   ","11",""
"07102","071","DECOUPE POULET                ","02",""
"28206","282","TAPIS MOQUETTES               ","06",""
"26204","262","PANACHES                      ","04",""
"13602","136","DINDE                         ","02",""
"04303","043","BLINIS                        ","03",""
"28213","282","SELS ET DEBOUCHEURS           ","13",""
"31001","310","GOBELETS                      ","01",""
"10110","101","PRODUITS ASIATIQUES           ","10",""
"11010","110","REBLOCHONS                    ","10",""
"11105","111","AUTRES                        ","05",""
"26503","265","VINS D'ESPAGNE                ","03",""
"10504","105","SALAISON CRUE                 ","04",""
"10080","100","STAND ANIMATION CHARC. TRAIT. ","80",""
"21504","215","CHOCOLATS DE COUVERTURES      ","04",""
"31103","311","SALADIER LEGUMIER JATTE       ","03",""
"35703","357","AQUARIOPHILIE                 ","03",""
"30403","304","RECHARGEABLES                 ","03",""
"05501","055","STANDARD                      ","01",""
"11002","110","TOMES                         ","02",""
"30603","306","AUTRES ARTICLES               ","03",""
"06704","067","ROTIS                         ","04",""
"02903","029","AUTRES                        ","03",""
"04304","043","PATES DE POISSONS             ","04",""
"03113","031","SAINDOUX                      ","13",""
"32103","321","ENSEMBLES                     ","03",""
"37404","374","DEPANNAGE SECURITE            ","04",""
"22004","220","TRADITION ET GASTRONOMIE      ","04",""
"02006","020","SAUCES                        ","06",""
"36601","366","STANDARD                      ","01",""
"31508","315","SERVIETTE                     ","08",""
"15701","157","POISSON P.A.C.                ","01",""
"27101","271","APERITIFS                     ","01",""
"08001","080","POTAGE SURGELE                ","01",""
"15705","157","COQUILLAGES                   ","05",""
"11013","110","CANTAL                        ","13",""
"32602","326","REPERTOIRES                   ","02",""
"05302","053","FERMIERE                      ","02",""
"26403","264","AUTRES VINS                   ","03",""
"37303","373","SPECIALITE                    ","03",""
"10017","100","SAUCISSONS A L AIL            ","17",""
"16506","165","AUTRES PATISSERIE SECHE       ","06",""
"10015","100","ANDOUILLES                    ","15",""
"37401","374","LAVAGE                        ","01",""
"06502","065","UVC PREEMBALLEE SOUS VIDE     ","02",""
"10807","108","LES MENUS                     ","07",""
"06702","067","PRODUITS ELABORES A GRILLER   ","02",""
"06804","068","AGNEAU                        ","04",""
"23906","239","LIQUIDES                      ","06",""
"32101","321","ENVELOPPES                    ","01",""
"10008","100","SALAISON CRUE                 ","08",""
"11009","110","PETITES MEULES                ","09",""
"31904","319","MOULERIE                      ","04",""
"05709","057","CONFIT                        ","09",""
"28606","286","PRODUITS SOLAIRES             ","06",""
"31501","315","RECIPIENTS ISOTHERMES         ","01",""
"31105","311","SERVICES ET ENSEMBLES         ","05",""
"02002","020","DESSERT                       ","02",""
"07101","071","DECOUPE DINDE                 ","01",""
"20702","207","MEL.SOLUBLE (CAFE LAIT/AROM.) ","02",""
"01705","017","GRAISSE A FRIRE               ","05",""
"11031","110","SPECIALITES NUES PIECE        ","31",""
"03309","033","QUENELLE                      ","09",""
"35009","350","BROUETTES                     ","09",""
"15707","157","TRAITEUR                      ","07",""
"13603","136","LAPIN                         ","03",""
"04404","044","SALADE DE LA MER              ","04",""
"10006","100","SAUCISSONS SECS               ","06",""
"18205","182","DATTES                        ","05",""
"11015","110","PYRENEES VACHE                ","15",""
"11008","110","HOLLANDE                      ","08",""
"11014","110","SAINT NECTAIRE                ","14",""
"10025","100","SAUCISSERIE FRAICHE           ","25",""
"39702","397","ARTICLES SENTEURS             ","02",""
"21209","212","DRAGEES                       ","09",""
"11101","111","FROMAGES FRAIS                ","01",""
"01801","018","DOUX                          ","01",""
"03112","031","PIECE PORC CUIT               ","12",""
"06101","061","VEAU STANDARD                 ","01",""
"10101","101","PRODUITS COCKTAIL             ","01",""
"15703","157","FILETS                        ","03",""
"05005","050","POULE                         ","05",""
"05202","052","CANETTE                       ","02",""
"32102","321","BLOCS                         ","02",""
"10405","104","SALE                          ","05",""
"05801","058","ALIMENTS POUR ANIMAUX         ","01",""
"07003","070","MIXTE                         ","03",""
"32604","326","ADMINISTRATIFS BLOCS          ","04",""
"26502","265","VINS DU MAGHREB               ","02",""
"08203","082","POULET DECOUPE                ","03",""
"34508","345","BARBECUES                     ","08",""
"05701","057","BROCHETTE                     ","01",""
"03204","032","SAUCISSE ET SAUCISSON MELANGE ","04",""
"09202","092","PORTION                       ","02",""
"31807","318","PRODUITS SPECIFIQUES CUISSON  ","07",""
"04405","044","PLATS PREPARES                ","05",""
"18513","185","4EME GAMME BIO                ","13",""
"11005","110","EDAM                          ","05",""
"31303","313","PENDERIES CUISINE             ","03",""
"71501","715","MERCERIE                      ","01",""
"16107","161","PAINS DE MIE                  ","07",""
"37302","373","DIESEL                        ","02",""
"29001","290","SACS CLIENTELE (PAYANTS)      ","01",""
"32801","328","PEINTURE SCOLAIRE             ","01",""
"13605","136","CANETTE                       ","05",""
"80804","808","DIVERS                        ","04",""
"64602","646","COLLANT FIN                   ","02",""
"36603","366","FLAMME                        ","03",""
"11012","110","MORBIER                       ","12",""
"32701","327","CAHIER DESSIN                 ","01",""
"32702","327","BLOCS                         ","02",""
"11204","112","RACLETTES                     ","04",""
"79029","790","LACETS                        ","29",""
"30805","308","ESSUIE PIEDS, GRATTE PIEDS    ","05",""
"82107","821","APPAREILS JETABLES            ","07",""
"30802","308","RECIPIENTS MENAGERS           ","02",""
"62606","626","SOCQUETTE                     ","06",""
"62604","626","MI BAS OPAQUE                 ","04",""
"01802","018","DEMI SEL                      ","02",""
"36604","366","AMPOULES TUBE                 ","04",""
"95501","955","STERES                        ","01",""
"32301","323","CAHIER 17X22                  ","01",""
"31803","318","COUVERCLES CACHES PLAQUES     ","03",""
"18503","185","SALADES CHICOREES             ","03",""
"31702","317","SECHOIR PINCES LINGE          ","02",""
"15704","157","CRUSTACES                     ","04",""
"29606","296","EMBALLAGES BOULANGE-PATISSERIE","06",""
"05002","050","CERTIFIE                      ","02",""
"10801","108","LES ENTREES FRAICHEUR         ","01",""
"31504","315","ARTICLES D'EVIER PLASTIQUE    ","04",""
"02004","020","SPECIALITES                   ","04",""
"30204","302","ETANCHEITE                    ","04",""
"11006","110","GOUDA                         ","06",""
"30701","307","DOSEURS                       ","01",""
"31307","313","OUTILLAGE DOMESTIQUE          ","07",""
"30102","301","PRISE & INTERRUPTEUR          ","02",""
"31801","318","POELES CREPIERES              ","01",""
"10012","100","SAUCISSERIE FUMEE             ","12",""
"35606","356","PRODUIT POUR PLANTES DE MAISON","06",""
"10014","100","ANDOUILLETTES                 ","14",""
"23903","239","SEMI HUMIDE                   ","03",""
"30104","301","FICHE                         ","04",""
"30402","304","ALCALINES                     ","02",""
"05603","056","LAPIN                         ","03",""
"30010","300","FICELLES ET CORDAGES          ","10",""
"30303","303","ACCESSOIRES ELECTRO PORTATIFS ","03",""
"08204","082","DINDE DECOUPE                 ","04",""
"35608","356","ANTI NUISIBLES                ","08",""
"16109","161","PAINS DU MONDE                ","09",""
"71402","714","MOUCHOIRS FEMME               ","02",""
"05601","056","ABATS DE POULET               ","01",""
"00801","008","CRU                           ","01",""
"16901","169","FARINES                       ","01",""
"15402","154","HUITRES                       ","02",""
"32303","323","CAHIER 24 X 32                ","03",""
"32302","323","CAHIER 21 X 29,7              ","02",""
"21910","219","PATES                         ","10",""
"34403","344","PETIT MATERIEL DE BUREAU      ","03",""
"36702","367","OUTIL ET ACCESSOIRES PLOMBERIE","02",""
"31505","315","PLATEAUX TS MATERIAUX         ","05",""
"10203","102","AUTRES PIZZA ET QUICHE        ","03",""
"34001","340","PAPETERIE SPECIALISEE         ","01",""
"06604","066","AUTRES VIANDES                ","04",""
"36902","369","OUTIL DU PEINTRE              ","02",""
"05702","057","SAUCISSE                      ","02",""
"30202","302","ADHESIFS                      ","02",""
"16503","165","MERINGUES                     ","03",""
"77509","775","TRAINING                      ","09",""
"64604","646","COLLANT CHAUD                 ","04",""
"31703","317","TABLE A REPASSER ET HOUSSE    ","03",""
"32902","329","ACCES.BUREAU                  ","02",""
"80002","800","BOUILLOIRE                    ","02",""
"22303","223","ALSACIENNE                    ","03",""
"37003","370","CONFORT INTERIEUR             ","03",""
"16206","162","VIENNOISERIES MIXTES          ","06",""
"36802","368","ACCESSOIRE ET OUTILLAGE       ","02",""
"37801","378","REPARATION                    ","01",""
"28102","281","SAVONS DE MENAGE              ","02",""
"88702","887","CASQUES / MICRO               ","02",""
"15708","157","PLATEAUX FRUITS MER           ","08",""
"30301","303","ELECTRO PORTATIF              ","01",""
"23420","234","SOJA                          ","20",""
"31701","317","COFFRE PANIER LINGES          ","01",""
"31107","311","BOCAUX FANTAISIE & VERRERIE RU","07",""
"36703","367","TUYAU GAZ ET ACCESSOIRES      ","03",""
"36801","368","PULVERULENTS/POUDRES          ","01",""
"80103","801","CUISSON                       ","03",""
"05004","050","COQUELET                      ","04",""
"06106","061","UVC PREEMBALLEE SOUS VIDE     ","06",""
"06104","061"," VEAU LABEL                   ","04",""
"29904","299","ECONOMAT                      ","04",""
"16701","167","CHOCOLATS FRAIS               ","01",""
"72701","727","JOUETS                        ","01",""
"29906","299","AUTRES                        ","06",""
"29907","299","REMBOURSEMENT                 ","07",""
"29501","295","EMBALLAGE PATISSERIE          ","01",""
"18505","185","LEGUMES A CUIRE               ","05",""
"10802","108","LES SNACKS                    ","02",""
"94105","941","ADD ONS                       ","05",""
"31808","318","FRITEUSES                     ","08",""
"05007","050","CHAPON                        ","07",""
"06102","061","VEAU DE MARQUE                ","02",""
"31308","313","GADGETS                       ","08",""
"32502","325","FEUILLES MOBILES 21 X 29,7    ","02",""
"32402","324","COPIES DOUBLES 21X29,7        ","02",""
"31003","310","BROCS,CARAFES,PICHETS         ","03",""
"10001","100","EPAULE                        ","01",""
"62602","626","MI CHAUSSETTE VILLE           ","02",""
"72301","723","ACCESSOIRE SECURITE PREVENTION","01",""
"72101","721","BIBERONS                      ","01",""
"72105","721","VAISSELLE                     ","05",""
"72201","722","ACCESSOIRES TOILETTES         ","01",""
"72103","721","ACCESSOIRES REPAS             ","03",""
"31704","317","CINTRES                       ","04",""
"31806","318","FAITOUTS MARMITES COCOTTE     ","06",""
"31802","318","SAUTEUSES                     ","02",""
"31804","318","GRILLE CROQUE GAUFRIER        ","04",""
"30902","309","CAFETIERES THEIERES BOUILLOIRE","02",""
"88004","880","TRANSISTOR                    ","04",""
"31401","314","RANGEMENT MAISON PLASTIQUE    ","01",""
"80704","807","TRAITEMENT DE L'AIR           ","04",""
"80701","807","CHAUFFAGE ELECTRIQUE          ","01",""
"34404","344","CLASSEMENT/RANGEMENT          ","04",""
"94106","941","STOCKAGE                      ","06",""
"31304","313","COUTELLERIE                   ","04",""
"80801","808","ENTRETIENS DES SOLS           ","01",""
"81501","815","MATERIEL DE CUISINE           ","01",""
"37203","372","OUTILLAGE                     ","03",""
"31403","314","POUSSETTES SACS A PROVISIONS  ","03",""
"85208","852","DECORATION                    ","08",""
