"20401","204","PATISS A DLC LONGUE +DE 30J.  ","001",""
"22804","228","EPICES                        ","004",""
"26402","264","VINS DE TABLE                 ","002",""
"22001","220","PDTS EXOTIQ.ET EUROPEENS      ","001",""
"21914","219","AUTRES COMPOSANTS DE REPAS    ","014",""
"26608","266","SUD OUEST                     ","008",""
"08301","083","FRITES SURGELEES              ","001",""
"22901","229","STANDARD                      ","001",""
"28406","284","HYGIENE ADULTE                ","006",""
"03107","031","TRANCHE SEC, CRU, OU CUIT     ","007",""
"28601","286","SOINS DU VISAGE               ","001",""
"23007","230","AUTRE                         ","007",""
"28407","284","HYGIENE BEBE                  ","007",""
"23904","239","SEC CHIEN                     ","004",""
"22604","226","AIDE CULINAIRE                ","004",""
"03306","033","TARTE SALEE                   ","006",""
"20901","209","ENFANTS                       ","001",""
"20903","209","ADULTES                       ","003",""
"16108","161","PAINS REGIONAUX               ","008",""
"03310","033","PATE FRAICHE                  ","010",""
"28504","285","SAVONS                        ","004",""
"28605","286","ACCESSOIRES DE BEAUTE         ","005",""
"28101","281","LAVAGE DU LINGE               ","001",""
"22203","222","SEMOULES                      ","003",""
"21204","212","GELIFIES GOMMES               ","004",""
"26906","269","LIQUEURS                      ","006",""
"22701","227","LEGUMES CONDIMENTAIRES        ","001",""
"28602","286","SOINS DU CORPS                ","002",""
"26606","266","BORDEAUX                      ","006",""
"21501","215","AIDES A LA PATISSERIE         ","001",""
"22102","221","MENAGERE                      ","002",""
"22104","221","PREPARATIONS                  ","004",""
"11027","110","FROMAGES ITALIENS             ","027",""
"18216","182","POP-CORN                      ","016",""
"22103","221","PATISSIERE                    ","003",""
"22101","221","DE LUXE                       ","001",""
"31601","316","VAISSELLES A JETER            ","001",""
"10118","101","TRAITEUR FRAIS EMBALLE        ","018",""
"26212","262","CAVE A BIERE                  ","012",""
"08303","083","POMME RISSOLEE & SAUTEE SURGEL","003",""
"21402","214","A PREPARER                    ","002",""
"01601","016","BEURRE 82% MG                 ","001",""
"23503","235","THON                          ","003",""
"26302","263","EAUX GAZEUSES                 ","002",""
"27003","270","TEQUILA ET AUTRES             ","003",""
"08004","080","CREPES SURGELEES              ","004",""
"26105","261","BOISSON AUX FRUITS PETILLANTE ","005",""
"05710","057","AUTRES                        ","010",""
"21203","212","SACHETS CHOCOLAT              ","003",""
"22106","221","AUTRES                        ","006",""
"39701","397","BOUGIES                       ","001",""
"02003","020","CREMES                        ","003",""
"20501","205","BISCUITS APERITIFS            ","001",""
"03401","034","CHARCUTERIE HALLAL            ","001",""
"28207","282","WC ET FOSSES                  ","007",""
"18509","185","SOUPES                        ","009",""
"20402","204","PATISS.A DLC COURTE -DE 30J.  ","002",""
"26602","266","LOIRE                         ","002",""
"08409","084","CHAMPIGNON SURGELE            ","009",""
"27004","270","WHISKY                        ","004",""
"26109","261","SIROPS ET CONCENTRES          ","009",""
"26107","261","PUR JUS                       ","007",""
"28210","282","FOURS                         ","010",""
"23302","233","AUTRES FRUITS AU SIROP        ","002",""
"26201","262","BIERES                        ","001",""
"21001","210","THES                          ","001",""
"05701","057","BROCHETTE                     ","001",""
"22201","222","PUREE DE POMME DE TERRE       ","001",""
"32202","322","ECRITURE ENCRE                ","002",""
"08407","084","LEGUME CUISINE SURGELE        ","007",""
"11021","110","COMTE                         ","021",""
"26401","264","VINS DE PAYS                  ","001",""
"26102","261","LIMONADE ET LIMES             ","002",""
"21002","210","INFUSIONS                     ","002",""
"23004","230","AUTRES HUILES VEGETALES       ","004",""
"20304","203","CASSE-CROUTE ET GOUTER        ","004",""
"06701","067","SAUCISSERIE                   ","001",""
"08202","082","VOLAILLES DIVERSES ENTIERES   ","002",""
"22404","224","BRUN ET COMPLET               ","004",""
"27002","270","VODKA                         ","002",""
"23005","230","OLIVE                         ","005",""
"13901","139","SAUCISSERIE                   ","001",""
"22204","222","AUTRES                        ","004",""
"03203","032","SAUCISSE SECHE PUR PORC       ","003",""
"28405","284","HYGIENE FEMININE              ","005",""
"23602","236","FOIE GRAS                     ","002",""
"28606","286","PRODUITS SOLAIRES             ","006",""
"28505","285","BAINS ET DOUCHES              ","005",""
"08401","084","HARICOTS VERTS                ","001",""
"03312","033","PLAT PREPARE                  ","012",""
"20803","208","BOISSONS MALTEES              ","003",""
"26905","269","EAUX DE VIE                   ","005",""
"23206","232","PATE A TARTINER               ","006",""
"28403","284","MOUCHOIRS                     ","003",""
"26907","269","RHUM                          ","007",""
"00204","002","MOUSSE                        ","004",""
"26111","261","AUTRES                        ","011",""
"35705","357","CHIENS                        ","005",""
"35704","357","CHATS                         ","004",""
"10506","105","PATES / RILLETTES             ","006",""
"08106","081","COQUILLE CUISINEE             ","006",""
"09101","091","BATONNET CREME GLACEE         ","001",""
"26801","268","ANISES                        ","001",""
"08104","081","CRUSTACE COQUILLAG. MOLLU. SRG","004",""
"22202","222","FECULE                        ","002",""
"28508","285","HYGIENE BUCCO-DENTAIRE        ","008",""
"20904","209","BARRES CEREALIERES            ","004",""
"08304","083","AUTRES GARNITURES SURGELEES   ","004",""
"22805","228","HERBES                        ","005",""
"06801","068","BOEUF                         ","001",""
"05702","057","SAUCISSE                      ","002",""
"22602","226","POTAGE LIQUIDE                ","002",""
"28603","286","MAQUILLAGE                    ","003",""
"26301","263","EAUX PLATES                   ","001",""
"20306","203","BISC.PATISSIERS               ","006",""
"31305","313","BOISSELLERIE & ART.ASSIMILES  ","005",""
"28201","282","LIQUIDES DE SYNTHESE          ","001",""
"26108","261","JUS ABC ET NECTARS            ","008",""
"21917","219","PRODUITS MINCEUR              ","017",""
"02201","022","PATE MOLLE CROUTE FLEURIE     ","001",""
"00205","002","ENTREMET                      ","005",""
"17001","170","MATIERES PREMIERES PATISSERIE ","001",""
"26902","269","COGNAC                        ","002",""
"29605","296","BOITES A PIZZA                ","005",""
"21916","219","SOJAS ET DERIVES              ","016",""
"21301","213","BOUCHEE ROCHER GRIOTTE        ","001",""
"20801","208","INSTANTANE                    ","001",""
"22803","228","POIVRE                        ","003",""
"29603","296","BARQUETTES UTILISATION CHAUDE ","003",""
"26607","266","PROVENCE                      ","007",""
"26106","261","BOISSON AUX FRUITS PLATE      ","006",""
"23501","235","SARDINES                      ","001",""
"26110","261","BOISSONS DE L'EFFORT          ","010",""
"08501","085","A BASE DE VIANDE              ","001",""
"03302","033","POTAGE ET SOUPE               ","002",""
"08502","085","A BASE DE POISSON             ","002",""
"21901","219","BISCUITS                      ","001",""
"21304","213","TURBINE                       ","004",""
"21208","212","PATE A MACHER                 ","008",""
"03101","031","JAMBON CUIT ET EPAULE         ","001",""
"21701","217","MORCEAUX                      ","001",""
"20503","205","GRAINES ET MELANGES           ","003",""
"35403","354","TUTEURS ET LIENS              ","003",""
"21703","217","SPECIAUX                      ","003",""
"05703","057","POULET FUME                   ","003",""
"20308","203","ASSORTIMENTS                  ","008",""
"28509","285","RASAGE                        ","009",""
"38403","384","FROID                         ","003",""
"22301","223","QUALITE SUPERIEURE            ","001",""
"32806","328","ACCESSOIRES PAPETERIE         ","006",""
"23204","232","MIEL                          ","004",""
"20307","203","ANGLO/AMERICAINS              ","007",""
"02202","022","PATE MOLLE CROUTE LAVEE/MIXTE ","002",""
"23003","230","MELANGE                       ","003",""
"05103","051","DECOUPE                       ","003",""
"20804","208","CACAO PUR                     ","004",""
"35308","353","ARROSOIRS                     ","008",""
"08005","080","SNACKS SURGELES               ","005",""
"28506","285","DEODORANTS                    ","006",""
"10113","101","PLATS PREPARES                ","013",""
"08201","082","VIANDE PORC/PORCELET          ","001",""
"26605","266","BOURGOGNE MACON CHALON        ","005",""
"20601","206","MOULUS                        ","001",""
"21205","212","SACHETS MENTHE                ","005",""
"23701","237","CASSOULETS                    ","001",""
"00601","006","JUS FRUITS                    ","001",""
"23703","237","A BASE DE VIANDE              ","003",""
"21201","212","SACHETS FRUITS                ","001",""
"35402","354","PROTECTIONS                   ","002",""
"26603","266","RHONE                         ","003",""
"03202","032","SAUCISSON SEC PUR PORC        ","002",""
"04301","043","OEUFS DE POISSONS             ","001",""
"18507","185","SAUCES FRAICHES ET ACCOMPAGNEM","007",""
"08101","081","PREPARATION BASE POISSON      ","001",""
"23202","232","CONFITURE                     ","002",""
"23801","238","PETITS POTS                   ","001",""
"22402","224","LONG ORDINAIRE                ","002",""
"08406","084","MELANGE DE LEGUMES SURGELE    ","006",""
"23106","231","AUTRES                        ","006",""
"08402","084","EPINARDS                      ","002",""
"21302","213","BARRES FONDANTES              ","002",""
"22005","220","PRODUITS HALAL                ","005",""
"20403","204","VIENNOISERIES                 ","003",""
"29902","299","PAPIER CADEAU                 ","002",""
"18203","182","RAISINS                       ","003",""
"05008","050","DECOUPE                       ","008",""
"20101","201","BISCOTTES ET ASSIMILES        ","001",""
"28507","285","DEODORANTS PARFUMANTS         ","007",""
"11203","112","PATE PRESSEE NON CUITE        ","003",""
"22304","223","FOURREE ET SPECIALITE         ","004",""
"16305","163","AIDES A LA PATISSERIE         ","005",""
"00803","008","FERMENTE OU BATTU             ","003",""
"02104","021","POULE PLEIN AIR               ","004",""
"11207","112","BLEU ET ASSIMILES             ","007",""
"00208","002","AUTRES DESSERTS               ","008",""
"11205","112","EMMENTAL ET ASSIMILES         ","005",""
"31309","313","ACC.PREPARATION PATISSERIE    ","009",""
"11201","112","PATES MOLLES                  ","001",""
"23901","239","HUMIDE CHIEN                  ","001",""
"26101","261","COLA                          ","001",""
"22302","223","AUX OEUFS                     ","002",""
"20103","201","SPECIALITES                   ","003",""
"28802","288","HYGIENE                       ","002",""
"20305","203","BISCUITS SECS                 ","005",""
"21102","211","NOIR A CROQUER & NOIR DEGUST. ","002",""
"08405","084","AUTRES LEGUMES NATURES SURGEL.","005",""
"03104","031","SAUCISSON CUIT                ","004",""
"11023","110","ROQUEFORT                     ","023",""
"29401","294","EMBALLAGE BOULANGERIE/PATISSER","001",""
"30002","300","PETITE QUINCAILLERIE          ","002",""
"07104","071","AUTRES DECOUPES               ","004",""
"02209","022","FROMAGES A CUISINER           ","009",""
"00405","004","SPECIALITES                   ","005",""
"18602","186","LEGUMES                       ","002",""
"23104","231","VINAIGRETTES                  ","004",""
"16203","162","MINI VIENNOISERIE             ","003",""
"06702","067","PRODUITS ELABORES A GRILLER   ","002",""
"23409","234","SALSIFIS                      ","009",""
"21107","211","SPECIALITES                   ","007",""
"00103","001","FRUIT ET PULPE                ","003",""
"02205","022","CHEVRES ET BREBIS             ","005",""
"20502","205","EXTRUDES                      ","002",""
"02203","022","PATE PRESSEE CUITE            ","003",""
"18512","185","JUS DE FRUITS FRAIS           ","012",""
"20202","202","PANIFICATION SEMI-FRAICHE     ","002",""
"28404","284","COTON                         ","004",""
"31502","315","BOITES HERMETIQUES            ","002",""
"31901","319","PLATS & ART. DE CONGELATION   ","001",""
"18506","185","OLIVES , AROMATES , CONDIMENTS","006",""
"23707","237","PLAT EXOTIQUE                 ","007",""
"18504","185","CRUDITES                      ","004",""
"21207","212","PETITE CONFISERIE             ","007",""
"28306","283","TISSUS ET TAMPONS             ","006",""
"21702","217","POUDRES                       ","002",""
"23905","239","SEC CHAT                      ","005",""
"27001","270","GIN                           ","001",""
"20701","207","CAFES SOLUBLES                ","001",""
"23805","238","LAIT MATERNISE                ","005",""
"23807","238","BOISSONS                      ","007",""
"06601","066","BOEUF                         ","001",""
"08002","080","PIZZA SURGELEE                ","002",""
"26303","263","EAUX AROMATISEES              ","003",""
"00101","001","NATURE                        ","001",""
"06802","068","PORC                          ","002",""
"16301","163","INDIVIDUELLE                  ","001",""
"23201","232","COMPOTE                       ","001",""
"21918","219","COMPLEMENTS NUTRITIONNELS     ","018",""
"28804","288","ACCESSOIRES ET DIVERS         ","004",""
"23803","238","FARINE                        ","003",""
"08801","088","INDUSTRIE ALI                 ","001",""
"26103","261","SODA                          ","003",""
"22105","221","EPAISSISSANTS                 ","005",""
"31104","311","COMPLEMENT VAISSELLE          ","004",""
"22305","223","SAUCES TOMATES CHAUDES        ","005",""
"23806","238","BISCUITS                      ","006",""
"23710","237","BASE DE PATE                  ","010",""
"11208","112","PIECES ( CHEVRES,BREBIS,....) ","008",""
"28211","282","METAUX                        ","011",""
"28203","282","NETTOYANTS MENAGERS           ","003",""
"22706","227","SAUCES CHAUDES SANS TOMATE    ","006",""
"26610","266","AUTRES AOC                    ","010",""
"02204","022","PATE PRESSEE NON CUITE        ","004",""
"30801","308","GANTS                         ","001",""
"10005","100","JAMBONS ET SALAISONS SECS     ","005",""
"11206","112","ROQUEFORT                     ","006",""
"21920","219","SANS GLUTEN                   ","020",""
"23401","234","HARICOTS VERTS                ","001",""
"09203","092","SPECIALITE A PARTAGER         ","003",""
"08603","086","VIENNOISERIE                  ","003",""
"18501","185","SALADES                       ","001",""
"35707","357","BASSE COUR                    ","007",""
"28702","287","SHAMPOOINGS ADULTES           ","002",""
"28703","287","SOINS DU CHEVEUX              ","003",""
"26501","265","VINS D'ITALIE                 ","001",""
"21915","219","BOISSONS ET JUS               ","015",""
"00203","002","CREME                         ","003",""
"00105","001","A BASE DE SOJA                ","005",""
"18202","182","ABRICOTS                      ","002",""
"29901","299","SAC DE SORTIE DE CAISSE       ","001",""
"03308","033","SNACK                         ","008",""
"08003","080","QUICHES TARTES SURGELEES      ","003",""
"09001","090","CREME GLACEE                  ","001",""
"09002","090","SORBET                        ","002",""
"13607","136","AUTRES                        ","007",""
"22405","224","EXOTIQUE                      ","005",""
"18204","182","FIGUES                        ","004",""
"00206","002","FLAN NAPPE                    ","006",""
"23301","233","ANANAS                        ","001",""
"26604","266","BEAUJOLAIS                    ","004",""
"09106","091","GLACE INDIVIDUELLE            ","006",""
"09103","091","CONE                          ","003",""
"35701","357","OISELLERIE                    ","001",""
"28204","282","EAU DE JAVEL                  ","004",""
"23416","234","AUTRES CHAMPIGNONS            ","016",""
"31005","310","VERRES A PIEDS                ","005",""
"21202","212","SACHETS CARAMEL               ","002",""
"22501","225","LENTILLES                     ","001",""
"21904","219","PETIT DEJEUNER                ","004",""
"22502","225","HARICOTS                      ","002",""
"08601","086","PATISSERIE SALEE              ","001",""
"22704","227","SAUCES EMULSIONNEES           ","004",""
"22703","227","MAYONNAISE                    ","003",""
"22503","225","POIS                          ","003",""
"08205","082","VOLAILLE DIV DECOUPE          ","005",""
"21403","214","GATEAUX EXPRESS               ","003",""
"04406","044","FILET DE POISSON              ","006",""
"20204","202","SPECIALITES (PAINS SPECIAUX)  ","004",""
"20602","206","GRAINS                        ","002",""
"22403","224","LONG PRETRAITE                ","003",""
"22401","224","ROND                          ","001",""
"03304","033","PRODUITS ELABORES PANES       ","004",""
"23502","235","MAQUEREAUX                    ","002",""
"20301","203","BISCUITS AUX OEUFS            ","001",""
"11003","110","MUNSTER/PT LEVEQUE/MAROILLE/  ","003",""
"28501","285","EAUX DE COLOGNE               ","001",""
"18511","185","SALADES DE FRUITS             ","011",""
"23708","237","DESHYDRATE                    ","008",""
"10507","105","AUTRES PROD.CHARCUTERIE       ","007",""
"10501","105","JAMBON CUIT                   ","001",""
"08102","081","SAUMON FUME/MARINE            ","002",""
"20506","205","AUTRES                        ","006",""
"31705","317","RANGEMENT PENDERIE            ","005",""
"08103","081","POISSON CUIT                  ","003",""
"20504","205","CONDIMENTS                    ","004",""
"05705","057","ROTIS CUITS                   ","005",""
"32204","322","DESSIN                        ","004",""
"28502","285","EAUX DE TOILETTE              ","002",""
"05704","057","POULET ROTI                   ","004",""
"21206","212","AUTRES BONBONS SACHETS ET BTE ","006",""
"11202","112","HOLLANDES ET PETITES MEULES   ","002",""
"31407","314","MISE EN BOCAUX                ","007",""
"23902","239","HUMIDE CHAT                   ","002",""
"08701","087","FRUITS                        ","001",""
"04302","043","BEURRES                       ","002",""
"21211","212","DIVERS                        ","011",""
"21104","211","LAIT+INGREDIENTS              ","004",""
"20102","201","PAIN SUEDOIS                  ","002",""
"03105","031","PATE                          ","005",""
"21704","217","EDULCORANTS DE SYNTHESE       ","004",""
"23404","234","HARICOTS BLANCS               ","004",""
"11020","110","BEAUFORT ET ABONDANCE         ","020",""
"28701","287","MAINTIEN DE LA COIFFURE       ","001",""
"10020","100","RILLETTES                     ","020",""
"16103","161","PAINS CAPMPAGNE               ","003",""
"03305","033","ENTREES                       ","005",""
"36607","366","HALOGENE                      ","007",""
"26701","267","CHAMPAGNES                    ","001",""
"06705","067","CHAIR                         ","005",""
"06001","060","RACE A VIANDE                 ","001",""
"06712","067","AUTRES                        ","012",""
"23419","234","MAIS                          ","019",""
"28704","287","COLORATION                    ","004",""
"22601","226","BOUILLON                      ","001",""
"04203","042","CRUSTACES ET COQUILLAGES      ","003",""
"06402","064","LABEL                         ","002",""
"11006","110","GOUDA                         ","006",""
"21902","219","PANIFICATION                  ","002",""
"28302","283","INSECTICIDES                  ","002",""
"22603","226","DESHYDRATE                    ","003",""
"00302","003","AROMATISES                    ","002",""
"26809","268","COCKTAILS                     ","009",""
"11029","110","CHEVRES A DECOUPER            ","029",""
"08602","086","PATISSERIE SUCREE MINI        ","002",""
"29101","291","EMBALLAGE BOUCHERIE           ","001",""
"03205","032","CHORIZO                       ","005",""
"05001","050","STANDARD                      ","001",""
"03303","033","SALADE ET CRUDITE             ","003",""
"05401","054","CAILLES                       ","001",""
"00202","002","GELIFIES AVEC CREME           ","002",""
"10503","105","SAUCISSON SEC                 ","003",""
"26806","268","VINS DE LIQUEUR               ","006",""
"06004","060","UVC PREEMBALLEE SOUS ATMOSPHER","004",""
"80101","801","PREPA.CULINAIRE               ","001",""
"27103","271","ALCOOLS DE GRAINS             ","003",""
"05604","056","AUTRES                        ","004",""
"23709","237","BARQUETTE                     ","009",""
"06710","067","SAUCES                        ","010",""
"35706","357","LITIERES CHAT                 ","006",""
"32803","328","COLLE/ADHESIF/ETIQUETTE       ","003",""
"01701","017","VEGETALE NORMALE 82%MG        ","001",""
"06703","067","SNACK                         ","003",""
"13905","139","PAUPIETTE                     ","005",""
"20603","206","DECAFEINE                     ","003",""
"10021","100","PATES DE TETE ET LANGUES      ","021",""
"21502","215","FRUITS SECS ET CONFITS        ","002",""
"28208","282","VITRES                        ","008",""
"04401","044","SOUPE POISSONS                ","001",""
"03301","033","PRODUIT COCKTAIL              ","001",""
"21503","215","DECOR A PATISSERIE            ","003",""
"08105","081","ESCARGOT GRENOUILLE SURGELES  ","005",""
"08302","083","POMMES NOISETTE               ","002",""
"28402","284","ESSUIE TOUT                   ","002",""
"20303","203","ACCOMPAGNEMENTS               ","003",""
"10002","100","JAMBON CUIT                   ","002",""
"18206","182","AUTRES FRUITS SEC             ","006",""
"23422","234","ARTICHAUTS                    ","022",""
"10603","106","CHARCUTERIE PATISSIERE        ","003",""
"26904","269","BRANDY ET MARCS               ","004",""
"06105","061","UVC PREEMBALLEE SOUS ATMOSPHER","005",""
"21103","211","LAIT                          ","003",""
"23101","231","D'ALCOOL                      ","001",""
"23102","231","DE VIN                        ","002",""
"21401","214","A CONSOMMER                   ","001",""
"10302","103","AUTRES PRODUITS ROTIS         ","002",""
"72104","721","BAVOIRS                       ","004",""
"28202","282","LAVE VAISSELLE                ","002",""
"00104","001","A BOIRE                       ","004",""
"00501","005","EPAISSE                       ","001",""
"23414","234","TOMATES                       ","014",""
"04101","041","SAUMON FUME                   ","001",""
"23105","231","SAUCES EMULSIONNEES           ","005",""
"02301","023","CUBE APERITIF                 ","001",""
"22702","227","MOUTARDES                     ","002",""
"22705","227","KETCHUP                       ","005",""
"22707","227","AUTRES SAUCES                 ","007",""
"18502","185","SALADES BOUQUETS              ","002",""
"21305","213","AUTRES                        ","005",""
"26601","266","ALSACE                        ","001",""
"04403","044","SURIMI                        ","003",""
"23506","235","SALADES DE POISSON            ","006",""
"32201","322","ECRITURE CRAYON               ","001",""
"26807","268","AMERS BITTERS GENTIANES       ","007",""
"01703","017","ALLEGE MIXTE CUISINABLE 60%MG ","003",""
"23103","231","SPECIAUX                      ","003",""
"26802","268","VINS DOUX NATURELS            ","002",""
"10105","101","CHARCUTERIE PATISSIERE        ","005",""
"29601","296","EMBALLAGE TRAITEUR/CHARC/FROM ","001",""
"00102","001","AROMATISE                     ","002",""
"16601","166","GALETTE ROIS                  ","001",""
"22801","228","GROS SEL                      ","001",""
"62605","626","MI BAS FIN                    ","005",""
"28301","283","DESODORISANTS                 ","001",""
"23601","236","PATES                         ","001",""
"28104","281","SOINS DU LINGE                ","004",""
"08503","085","A BASE DE PATE                ","003",""
"16205","162","AUTRES VIENNOISERIE           ","005",""
"31301","313","PETITS USTENSILES CUISINE     ","001",""
"26205","262","CIDRES                        ","005",""
"01901","019","UHT + STERILISE               ","001",""
"23408","234","CELERIS                       ","008",""
"28205","282","SOLS                          ","005",""
"30804","308","BROSSERIE                     ","004",""
"11209","112","AUTRES CREMERIES              ","009",""
"03106","031","RILLETTES                     ","006",""
"22802","228","SEL FIN                       ","002",""
"08504","085","EXOTIQUE                      ","004",""
"23418","234","AUTRES LEGUMES                ","018",""
"03103","031","PRODUIT COCKTAIL              ","003",""
"00207","002","COMPOTE ET CONFITURE FRAICHE  ","007",""
"23402","234","HARICOTS BEURRES              ","002",""
"06603","066","PROTEINE                      ","003",""
"03108","031","SALAISON ET FUMAISON          ","008",""
"10019","100","PATES                         ","019",""
"10009","100","SALAISON CUITE                ","009",""
"11019","110","EMMENTAL                      ","019",""
"28103","281","ASSOUPLISSANTS                ","003",""
"32805","328","MESURE                        ","005",""
"09201","092","COUPE                         ","001",""
"31503","315","ARTICLES DE TABLE PLASTIQUE   ","003",""
"10505","105","SALAISON CUITE                ","005",""
"16101","161","PAIN BLANC                    ","001",""
"16105","161","PAINS SPECIAUX                ","005",""
"04102","041","AUTRES POISSONS FUMES         ","002",""
"21601","216","LAIT CONCENTRE SUCRE          ","001",""
"16304","163","PATISSERIES A PARTAGER        ","004",""
"09104","091","POT                           ","004",""
"20703","207","CHICOREE                      ","003",""
"16202","162","PAINS AU CHOCOLAT             ","002",""
"10602","106","SALADES                       ","002",""
"23407","234","POIS CHICHES                  ","007",""
"10301","103","VOLAILLES ROTIES              ","001",""
"28212","282","ENTRETIEN DES MACHINES        ","012",""
"21912","219","PLATS CUISINES                ","012",""
"23504","235","FRUITS DE MER                 ","004",""
"10016","100","CHOUCROUTE                    ","016",""
"10112","101","VIANDES FROIDES               ","012",""
"23423","234","ASPERGES                      ","023",""
"10013","100","SAUCISSES CUITES              ","013",""
"21101","211","PATISSIER                     ","001",""
"26702","267","MOUSSEUX ET AUTRES PETILLANTS ","002",""
"36901","369","ADJUVANTS                     ","001",""
"28604","286","BEBE                          ","004",""
"29905","299","PINCES A ETIQUETER ETIQUETTES ","005",""
"32603","326","ADMINISTRATIF REPROGRAPHIE    ","003",""
"10103","101","SALADES ET CRUDITES           ","003",""
"21603","216","LAIT EN POUDRE                ","003",""
"11090","110","COMMANDE CLIENT FROMAGE       ","090",""
"23424","234","MELANGES                      ","024",""
"06007","060",""VIANDE DE REFORME ""CHR""       "","007",""
"36102","361","TRINGLERIE FENETRE            ","002",""
"10024","100","BOUDINS                       ","024",""
"62601","626","MI CHAUSSETTE INTARSIA        ","001",""
"28307","283","PRODUITS D'ALLUMAGE           ","007",""
"11001","110","BRIES/CAMEMBERTS/COULOMIERS   ","001",""
"20604","206","NAPOLITAIN                    ","004",""
"23604","236","AUTRES                        ","004",""
"20802","208","PULVERISE                     ","002",""
"10604","106","PLATS CUISINES                ","004",""
"23001","230","ARACHIDE                      ","001",""
"02208","022","PATES FRAICHES                ","008",""
"06201","062","ETRANGER                      ","001",""
"16507","165","PATISSERIE SECHE DU MONDE     ","007",""
"37403","374","FONCTIONNEMENT                ","003",""
"06005","060","UVC PREEMBALLEE SOUS VIDE     ","005",""
"30405","304","ECLAIRAGE PORTATIF            ","005",""
"23002","230","TOURNESOL                     ","002",""
"26810","268","PRODUITS POUR COCKTAILS       ","010",""
"28801","288","PANSEMENTS                    ","001",""
"26804","268","APERITIFS A BASE DE VIN       ","004",""
"31404","314","POUBELLES                     ","004",""
"36402","364","ACCESSOIRES WC                ","002",""
"36404","364","ACCESSOIRES SALLE DE BAIN     ","004",""
"23704","237","QUENELLES                     ","004",""
"11007","110","MIMOLETTE                     ","007",""
"16106","161","PAINS VIENNOIS                ","006",""
"02206","022","PATE PERSILLEE                ","006",""
"05203","052","DECOUPE                       ","003",""
"35601","356","SUPPORTS DE CULTURE           ","001",""
"21909","219","CONFITURES ET MIELS           ","009",""
"30803","308","TEXTILE ENTRETIEN             ","003",""
"04402","044","ACCOMPAGNEMENTS               ","002",""
"11017","110","PYRENEES PUR BREBIS           ","017",""
"23415","234","CHAMPIGNON DE PARIS           ","015",""
"08802","088","PATISSERIE                    ","002",""
"02107","021","EN CAGE                       ","007",""
"72102","721","TETINES / SUCETTES            ","002",""
"79027","790","SEMELLES                      ","027",""
"21602","216","LAIT CONCENTRE NON SUCRE      ","002",""
"03102","031","SAUCISSE CUITE                ","002",""
"21911","219","HUILE/VINAIGRE/CONDIMENTS     ","011",""
"21106","211","BLANC                         ","006",""
"23505","235","DIVERS                        ","005",""
"26202","262","BIERES SANS ALCOOL ET LIGHT   ","002",""
"22605","226","CROUTONS                      ","005",""
"15702","157","POISSON COUPE (DARNE/PAVE)    ","002",""
"06501","065","CHEVAL                        ","001",""
"34509","345","CHARBON DE BOIS               ","009",""
"18212","182","MELANGES EXOTIQUE             ","012",""
"11026","110","AUTRES PATES PERSILLEES       ","026",""
"72204","722","ACCESSOIRES MEDICAUX          ","004",""
"30901","309","CONTENANT CAFE ET DEJEUNER    ","001",""
"28304","283","EMBALLAGES MENAGERS           ","004",""
"11022","110","FROMAGES SUISSES              ","022",""
"29301","293","EMBALLAGE POISSONNERIE        ","001",""
"30201","302","COLLES BRICO                  ","001",""
"11032","110","FONDUES                       ","032",""
"80001","800","CAFETIERE                     ","001",""
"13601","136","POULET                        ","001",""
"29903","299","HYGIENE                       ","003",""
"02105","021","OEUFS BIO                     ","005",""
"21705","217","ALLEGE                        ","005",""
"03110","031","CHARCUTERIE DE VOLAILLE       ","010",""
"28209","282","MEUBLES                       ","009",""
"23804","238","POTAGE                        ","004",""
"05707","057","MAGRETS FUMES/SECHES          ","007",""
"00502","005","FLUIDE                        ","002",""
"11030","110","MI CHEVRE A DECOUPER          ","030",""
"16302","163","TARTES A PARTAGER             ","002",""
"03314","033","PATE MENAGERE                 ","014",""
"30103","301","FIL ET CABLE                  ","003",""
"00402","004","PATE LISSE FRUITEE ET AROMATIS","002",""
"23421","234","COEUR DE PALMIER              ","021",""
"18207","182","MELANGES FRUITS SEC           ","007",""
"32203","322","ECRITURE EFFACAGE             ","003",""
"00403","004","CAMPAGNE                      ","003",""
"16501","165","PETITS FOURS                  ","001",""
"20302","203","GAUFRETTES                    ","002",""
"15706","157","PRODUITS ELABORES             ","006",""
"03111","031","FOIE GRAS                     ","011",""
"23426","234","PETIT POIS                    ","026",""
"23405","234","MARRONS                       ","005",""
"28401","284","PAPIER TOILETTE               ","001",""
"23203","232","GELEE                         ","003",""
"23205","232","CREME DE FRUIT                ","005",""
"28503","285","PARFUMS                       ","003",""
"16204","162","BRIOCHERIE                    ","004",""
"08408","084","PUREE SURGELEE                ","008",""
"26805","268","PORTO                         ","005",""
"30001","300","OUTILLAGE A MAIN              ","001",""
"03315","033","DESSERT                       ","015",""
"23425","234","POIS CAROTTES                 ","025",""
"23413","234","EPINARDS                      ","013",""
"28303","283","CIRAGES                       ","003",""
"03109","031","CHARCUTERIE FRAICHE ET A CUIRE","009",""
"00802","008","PASTEURISE                    ","002",""
"03307","033","CHARCUTERIE PATISSIERE        ","007",""
"20203","202","PANIFICATION SUCREE           ","003",""
"30702","307","ACCESSOIRES                   ","002",""
"23412","234","CAROTTES                      ","012",""
"10104","101","TARTES ET ASSIMILES           ","004",""
"35702","357","RONGEURS                      ","002",""
"23403","234","FLAGEOLETS                    ","003",""
"23410","234","CHOUX DE BRUXELLES            ","010",""
"23417","234","SALADES                       ","017",""
"34401","344","ECRITURE                      ","001",""
"16104","161","PAINS BIOLOGIQUES             ","004",""
"26803","268","VERMOUTHS                     ","003",""
"30105","301","DOMOTIQUE                     ","005",""
"29201","292","EMBALLAGE FRUITS ET LEGUMES   ","001",""
"64603","646","COLLANT OPAQUE                ","003",""
"23411","234","POMME DE TERRE                ","011",""
"09102","091","GLACE A L'EAU                 ","002",""
"36606","366","ECONOMIE D'ENERGIE            ","006",""
"23406","234","LENTILLES PREPAREES           ","006",""
"23706","237","ESCARGOTS                     ","006",""
"11102","111","CREME FRAICHE                 ","002",""
"23705","237","SALADES LEGUMES CUISINES      ","005",""
"23420","234","SOJA                          ","020",""
"80502","805","HOMME                         ","002",""
"09003","090","TYPE HAAGEN DAZS              ","003",""
"28305","283","OUTILS D'ESSUYAGE             ","005",""
"18201","182","PRUNEAUX                      ","001",""
"21919","219","DIETETIQUE SPORTIVE           ","019",""
"05003","050","FERMIER                       ","003",""
"26903","269","CALVADOS                      ","003",""
"13904","139","CHAIR                         ","004",""
"20902","209","FAMILLE                       ","002",""
"04202","042","AUTRES POISSONS MARINES       ","002",""
"21105","211","NOIR+INGREDIENTS              ","005",""
"10102","101","ENTREES FROIDES               ","002",""
"10107","101","TRAITEUR DE LA MER            ","007",""
"16102","161","RUSTIQUE / LEVAIN             ","002",""
"26901","269","ARMAGNAC                      ","001",""
"22504","225","AUTRES                        ","004",""
"11004","110","SAINT PAULIN                  ","004",""
"18508","185","PUREE                         ","008",""
"22406","224","CUISINE                       ","006",""
"06803","068","VEAU                          ","003",""
"31903","319","PLAT ET ART. DE FOUR          ","003",""
"23702","237","CHOUCROUTE                    ","002",""
"18208","182","AMANDES                       ","008",""
"08403","084","PETIT POIS                    ","003",""
"18209","182","NOISETTES                     ","009",""
"11011","110","TOMMES DE SAVOIE              ","011",""
"18210","182","PISTACHES                     ","010",""
"31101","311","ASSIETTES                     ","001",""
"06903","069","AUTRES                        ","003",""
"09105","091","BARRE GLACEE                  ","005",""
"13907","139","AUTRES                        ","007",""
"06602","066","ASSAISONNE                    ","002",""
"23802","238","PUREE                         ","002",""
"02207","022","FROMAGES FONDUS               ","007",""
"94106","941","STOCKAGE                      ","006",""
"16201","162","CROISSANTS                    ","001",""
"18218","182","NOIX SECHES                   ","018",""
"10018","100","MORTADELLES/ROULADES/BALLOTINE","018",""
"00603","006","BOISSON AUX FRUITS            ","003",""
"11025","110","BLEU D AUVERGNE               ","025",""
"08404","084","CHOUX                         ","004",""
"11103","111","BEURRE                        ","003",""
"21906","219","CEREALES                      ","006",""
"21905","219","SUCRES ET DERIVES             ","005",""
"27203","272","ALCOOLS PATISSIERS            ","003",""
"10010","100","FUMEE CRUE                    ","010",""
"21303","213","BARRES CROUSTILLANTES         ","003",""
"27201","272","ALCOOLS MODIFIES              ","001",""
"00504","005","SAUCES FRAICHES               ","004",""
"27102","271","SPIRITUEUX                    ","002",""
"06401","064","STANDARD                      ","001",""
"21908","219","CHOCOLATS                     ","008",""
"11002","110","TOMES                         ","002",""
"31002","310","CHOPPES ET BOCKS              ","002",""
"10007","100","SAUCISSONS SECS PIMENTES      ","007",""
"10502","105","JAMBON SEC                    ","002",""
"02101","021","FRAIS                         ","001",""
"00401","004","PATES LISSES NATURES          ","001",""
"30401","304","SALINES                       ","001",""
"00201","002","GELIFIES SANS CREME           ","001",""
"33602","336","PAPIER CADEAU                 ","002",""
"33601","336","CARTERIE                      ","001",""
"16505","165","PATES JAUNES                  ","005",""
"00404","004","FAISSELLE                     ","004",""
"18211","182","ARACHIDES                     ","011",""
"11028","110","FROMAGES D EUROPE             ","028",""
"04201","042","ANCHOIS                       ","001",""
"04103","041","POISSON SALE                  ","003",""
"26504","265","AUTRES PROVENANCES            ","004",""
"02211","022","FROMAGE FRAIS EMBALLE         ","011",""
"36604","366","AMPOULES TUBE                 ","004",""
"32601","326","CARNETS                       ","001",""
"13606","136","PINTADE                       ","006",""
"39801","398","TABLE EN FETE                 ","001",""
"29801","298","SACS ISOTHERMES               ","001",""
"01602","016","BEURRE ALLEGE                 ","002",""
"26104","261","TONIC BITTERS                 ","004",""
"31007","310","DEGUSTATION, BAR ACCESSOIRES  ","007",""
"72609","726","PARURES                       ","009",""
"10004","100","JAMBONNEAUX CUITS             ","004",""
"20201","202","PAIN LONGUE CONSERVATION      ","001",""
"03402","034","CHARCUTERIE CASHER            ","002",""
"00301","003","NATURE                        ","001",""
"32605","326","ADMINISTRATIF/BRISTOL         ","005",""
"08803","088","FROMAGES                      ","003",""
"26808","268","PUNCHS                        ","008",""
"11104","111","OEUFS                         ","004",""
"32901","329","CLASSEMENT                    ","001",""
"10011","100","FUMEE CUITE                   ","011",""
"07102","071","DECOUPE POULET                ","002",""
"28206","282","TAPIS MOQUETTES               ","006",""
"26204","262","PANACHES                      ","004",""
"39702","397","ARTICLES SENTEURS             ","002",""
"13602","136","DINDE                         ","002",""
"04303","043","BLINIS                        ","003",""
"28213","282","SELS ET DEBOUCHEURS           ","013",""
"31001","310","GOBELETS                      ","001",""
"85208","852","DECORATION                    ","008",""
"10110","101","PRODUITS ASIATIQUES           ","010",""
"11010","110","REBLOCHONS                    ","010",""
"11105","111","AUTRES                        ","005",""
"26503","265","VINS D'ESPAGNE                ","003",""
"10504","105","SALAISON CRUE                 ","004",""
"10080","100","STAND ANIMATION CHARC. TRAIT. ","080",""
"21504","215","CHOCOLATS DE COUVERTURES      ","004",""
"31103","311","SALADIER LEGUMIER JATTE       ","003",""
"62606","626","SOCQUETTE                     ","006",""
"35703","357","AQUARIOPHILIE                 ","003",""
"30403","304","RECHARGEABLES                 ","003",""
"05501","055","STANDARD                      ","001",""
"30603","306","AUTRES ARTICLES               ","003",""
"02903","029","AUTRES                        ","003",""
"04304","043","PATES DE POISSONS             ","004",""
"03113","031","SAINDOUX                      ","013",""
"20702","207","MEL.SOLUBLE (CAFE LAIT/AROM.) ","002",""
"13902","139","BROCHETTES                    ","002",""
"32103","321","ENSEMBLES                     ","003",""
"37404","374","DEPANNAGE SECURITE            ","004",""
"31308","313","GADGETS                       ","008",""
"22004","220","TRADITION ET GASTRONOMIE      ","004",""
"02006","020","SAUCES                        ","006",""
"62604","626","MI BAS OPAQUE                 ","004",""
"31508","315","SERVIETTE                     ","008",""
"15701","157","POISSON P.A.C.                ","001",""
"27101","271","APERITIFS                     ","001",""
"08001","080","POTAGE SURGELE                ","001",""
"15705","157","COQUILLAGES                   ","005",""
"11013","110","CANTAL                        ","013",""
"32602","326","REPERTOIRES                   ","002",""
"26403","264","AUTRES VINS                   ","003",""
"37303","373","SPECIALITE                    ","003",""
"10017","100","SAUCISSONS A L AIL            ","017",""
"16506","165","AUTRES PATISSERIE SECHE       ","006",""
"10015","100","ANDOUILLES                    ","015",""
"37401","374","LAVAGE                        ","001",""
"06502","065","UVC PREEMBALLEE SOUS VIDE     ","002",""
"10807","108","LES MENUS                     ","007",""
"06804","068","AGNEAU                        ","004",""
"23906","239","LIQUIDES                      ","006",""
"02210","022","SPECIALITES ET AUTRES         ","010",""
"32101","321","ENVELOPPES                    ","001",""
"10008","100","SALAISON CRUE                 ","008",""
"11009","110","PETITES MEULES                ","009",""
"32701","327","CAHIER DESSIN                 ","001",""
"31904","319","MOULERIE                      ","004",""
"05709","057","CONFIT                        ","009",""
"31501","315","RECIPIENTS ISOTHERMES         ","001",""
"31105","311","SERVICES ET ENSEMBLES         ","005",""
"02002","020","DESSERT                       ","002",""
"07101","071","DECOUPE DINDE                 ","001",""
"01705","017","GRAISSE A FRIRE               ","005",""
"22003","220","PRODUITS CACHER               ","003",""
"11031","110","SPECIALITES NUES PIECE        ","031",""
"35009","350","BROUETTES                     ","009",""
"15707","157","TRAITEUR                      ","007",""
"13603","136","LAPIN                         ","003",""
"04404","044","SALADE DE LA MER              ","004",""
"10006","100","SAUCISSONS SECS               ","006",""
"18205","182","DATTES                        ","005",""
"11015","110","PYRENEES VACHE                ","015",""
"11008","110","HOLLANDE                      ","008",""
"11014","110","SAINT NECTAIRE                ","014",""
"10025","100","SAUCISSERIE FRAICHE           ","025",""
"11018","110","RACLETTES                     ","018",""
"30701","307","DOSEURS                       ","001",""
"11101","111","FROMAGES FRAIS                ","001",""
"01801","018","DOUX                          ","001",""
"03112","031","PIECE PORC CUIT               ","012",""
"06101","061","VEAU STANDARD                 ","001",""
"03309","033","QUENELLE                      ","009",""
"10101","101","PRODUITS COCKTAIL             ","001",""
"15703","157","FILETS                        ","003",""
"05005","050","POULE                         ","005",""
"05202","052","CANETTE                       ","002",""
"32102","321","BLOCS                         ","002",""
"10402","104","SANDWICH FOCACCIA             ","002",""
"08203","082","POULET DECOUPE                ","003",""
"05801","058","ALIMENTS POUR ANIMAUX         ","001",""
"07003","070","MIXTE                         ","003",""
"32604","326","ADMINISTRATIFS BLOCS          ","004",""
"26502","265","VINS DU MAGHREB               ","002",""
"34508","345","BARBECUES                     ","008",""
"03204","032","SAUCISSE ET SAUCISSON MELANGE ","004",""
"09202","092","PORTION                       ","002",""
"31807","318","PRODUITS SPECIFIQUES CUISSON  ","007",""
"04405","044","PLATS PREPARES                ","005",""
"18513","185","4EME GAMME BIO                ","013",""
"31303","313","PENDERIES CUISINE             ","003",""
"71501","715","MERCERIE                      ","001",""
"16107","161","PAINS DE MIE                  ","007",""
"37302","373","DIESEL                        ","002",""
"29001","290","SACS CLIENTELE (PAYANTS)      ","001",""
"32801","328","PEINTURE SCOLAIRE             ","001",""
"16801","168","GLACES                        ","001",""
"13605","136","CANETTE                       ","005",""
"80804","808","DIVERS                        ","004",""
"64602","646","COLLANT FIN                   ","002",""
"11012","110","MORBIER                       ","012",""
"32702","327","BLOCS                         ","002",""
"11204","112","RACLETTES                     ","004",""
"79029","790","LACETS                        ","029",""
"30805","308","ESSUIE PIEDS, GRATTE PIEDS    ","005",""
"82107","821","APPAREILS JETABLES            ","007",""
"30802","308","RECIPIENTS MENAGERS           ","002",""
"01802","018","DEMI SEL                      ","002",""
"95501","955","STERES                        ","001",""
"32301","323","CAHIER 17X22                  ","001",""
"31803","318","COUVERCLES CACHES PLAQUES     ","003",""
"18503","185","SALADES CHICOREES             ","003",""
"31702","317","SECHOIR PINCES LINGE          ","002",""
"15704","157","CRUSTACES                     ","004",""
"29606","296","EMBALLAGES BOULANGE-PATISSERIE","006",""
"10801","108","LES ENTREES FRAICHEUR         ","001",""
"31504","315","ARTICLES D'EVIER PLASTIQUE    ","004",""
"02004","020","SPECIALITES                   ","004",""
"30204","302","ETANCHEITE                    ","004",""
"31307","313","OUTILLAGE DOMESTIQUE          ","007",""
"30102","301","PRISE & INTERRUPTEUR          ","002",""
"31801","318","POELES CREPIERES              ","001",""
"10012","100","SAUCISSERIE FUMEE             ","012",""
"35606","356","PRODUIT POUR PLANTES DE MAISON","006",""
"10014","100","ANDOUILLETTES                 ","014",""
"23903","239","SEMI HUMIDE                   ","003",""
"30104","301","FICHE                         ","004",""
"36601","366","STANDARD                      ","001",""
"05603","056","LAPIN                         ","003",""
"30010","300","FICELLES ET CORDAGES          ","010",""
"08204","082","DINDE DECOUPE                 ","004",""
"35608","356","ANTI NUISIBLES                ","008",""
"16109","161","PAINS DU MONDE                ","009",""
"76303","763","CHAUSSURE MONTANTE MIXTE      ","003",""
"06708","067","PRODUITS DE PORC SALE         ","008",""
"30402","304","ALCALINES                     ","002",""
"05601","056","ABATS DE POULET               ","001",""
"64600","646","BAS FIN                       ","000",""
"31304","313","COUTELLERIE                   ","004",""
"00801","008","CRU                           ","001",""
"16901","169","FARINES                       ","001",""
"15402","154","HUITRES                       ","002",""
"34403","344","PETIT MATERIEL DE BUREAU      ","003",""
"32303","323","CAHIER 24 X 32                ","003",""
"32302","323","CAHIER 21 X 29,7              ","002",""
"21910","219","PATES                         ","010",""
"05302","053","FERMIERE                      ","002",""
"31505","315","PLATEAUX TS MATERIAUX         ","005",""
"10203","102","AUTRES PIZZA ET QUICHE        ","003",""
"36702","367","OUTIL ET ACCESSOIRES PLOMBERIE","002",""
"34001","340","PAPETERIE SPECIALISEE         ","001",""
"06604","066","AUTRES VIANDES                ","004",""
"30202","302","ADHESIFS                      ","002",""
"16503","165","MERINGUES                     ","003",""
"11005","110","EDAM                          ","005",""
"77509","775","TRAINING                      ","009",""
"64604","646","COLLANT VOILE LYCRA           ","004",""
"31703","317","TABLE A REPASSER ET HOUSSE    ","003",""
"32902","329","ACCES.BUREAU                  ","002",""
"80002","800","BOUILLOIRE                    ","002",""
"22303","223","ALSACIENNE                    ","003",""
"37003","370","CONFORT INTERIEUR             ","003",""
"30009","300","SERRURERIE SECURITE           ","009",""
"30303","303","ACCESSOIRES ELECTRO PORTATIFS ","003",""
"16206","162","VIENNOISERIES MIXTES          ","006",""
"36902","369","OUTIL DU PEINTRE              ","002",""
"36802","368","ACCESSOIRE ET OUTILLAGE       ","002",""
"37801","378","REPARATION                    ","001",""
"10804","108","LES DESSERTS                  ","004",""
"28102","281","SAVONS DE MENAGE              ","002",""
"88702","887","CASQUES / MICRO               ","002",""
"15708","157","PLATEAUX FRUITS MER           ","008",""
"30301","303","ELECTRO PORTATIF              ","001",""
"31701","317","COFFRE PANIER LINGES          ","001",""
"36701","367","ROBINETTERIE                  ","001",""
"31107","311","BOCAUX FANTAISIE & VERRERIE RU","007",""
"36703","367","TUYAU GAZ ET ACCESSOIRES      ","003",""
"36801","368","PULVERULENTS/POUDRES          ","001",""
"80103","801","CUISSON                       ","003",""
"05004","050","COQUELET                      ","004",""
"06106","061","UVC PREEMBALLEE SOUS VIDE     ","006",""
"29904","299","ECONOMAT                      ","004",""
"16701","167","CHOCOLATS FRAIS               ","001",""
"72701","727","JOUETS                        ","001",""
"29906","299","AUTRES                        ","006",""
"29907","299","REMBOURSEMENT                 ","007",""
"03201","032","JAMBON SEC                    ","001",""
"29501","295","EMBALLAGE PATISSERIE          ","001",""
"10802","108","LES SNACKS                    ","002",""
"18505","185","LEGUMES A CUIRE               ","005",""
"94105","941","ADD ONS                       ","005",""
"31808","318","FRITEUSES                     ","008",""
"05007","050","CHAPON                        ","007",""
"06102","061","VEAU DE MARQUE                ","002",""
"32502","325","FEUILLES MOBILES 21 X 29,7    ","002",""
"32402","324","COPIES DOUBLES 21X29,7        ","002",""
"31003","310","BROCS,CARAFES,PICHETS         ","003",""
"10001","100","EPAULE                        ","001",""
"62602","626","MI CHAUSSETTE VILLE           ","002",""
"72301","723","ACCESSOIRE SECURITE PREVENTION","001",""
"72101","721","BIBERONS                      ","001",""
"72105","721","VAISSELLE                     ","005",""
"72201","722","ACCESSOIRES TOILETTES         ","001",""
"72103","721","ACCESSOIRES REPAS             ","003",""
"31704","317","CINTRES                       ","004",""
"31806","318","FAITOUTS MARMITES COCOTTE     ","006",""
"31802","318","SAUTEUSES                     ","002",""
"31804","318","GRILLE CROQUE GAUFRIER        ","004",""
"30902","309","CAFETIERES THEIERES BOUILLOIRE","002",""
"88004","880","TRANSISTOR                    ","004",""
"31403","314","POUSSETTES SACS A PROVISIONS  ","003",""
"31401","314","RANGEMENT MAISON PLASTIQUE    ","001",""
"80704","807","TRAITEMENT DE L'AIR           ","004",""
"80701","807","CHAUFFAGE ELECTRIQUE          ","001",""
"34404","344","CLASSEMENT/RANGEMENT          ","004",""
"80801","808","ENTRETIENS DES SOLS           ","001",""
"81501","815","MATERIEL DE CUISINE           ","001",""
"37203","372","OUTILLAGE                     ","003",""
