"","CARREFOUR"
"","ESPIG"
"",""
"","KIKKOMAN"
"","CRF BIO"
"","MCCAIN"
"","..."
"","."
"","MIXA"
"","CRF BABY"
"","FIDO"
"","KNORR"
"","KELLOGGS"
"","DETTOL"
"","GLAM.PARIS"
"","XTRA"
"","NIVEA"
"","PANZANI"
"","MALIBU"
"","EN CUISINE"
"","MARQUE PMC"
"","PATELIERE"
"","CHUFFI"
"","PLAISANCE"
"","FRANCINE"
"","GD JURY"
"","JARDIN BIO"
"","CARREF BIO"
"","TIPIAK"
"","ATOS"
"","MORETTI"
"","NESTLE"
"","PAYSAN BRE"
"","SAVOUREUX"
"","CRISTALINE"
"","CAMINO REA"
"","REFLETS"
"","CHAMPOMY"
"","PERE DODU"
"","MICHOKO"
"","DEVINEAU"
"","MOULIN"
"","FLEURY MIC"
"","DOMESTOS"
"","CHAMPICEP"
"","WESTERLY"
"","GIFFARD"
"","MAKLI"
"","HEINEKEN"
"","FRUISS BIO"
"","CASTELLI"
"","TWININGS"
"","DOUCE FRAN"
"","BIC"
"","DIADERMINE"
"","D'AUCY"
"","JURAFLORE"
"",".."
"","L.TISANIER"
"","PP BLANC"
"","HENAFF"
"","ENERGIE FR"
"","VALDONNE"
"","TAUREAU AI"
"","BELVEDERE"
"","CARAPELLI"
"","SOCOPA V"
"","FERRERO"
"","RIZ MONDE"
"","PAR'MIL"
"","JUSTIN BRI"
"","PRINCE"
"","REGIA"
"","ALP.SAVOIE"
"","CRF CDM"
"","LOVEA"
"","PETIT NAVI"
"","LE PT MARS"
"","GRAND JURY"
"","LIPTON"
"","OVOMALTINE"
"","CIGOGNE"
"","FRANCETTE"
"","JADE"
"","LOTUS"
"","ISAUTIER"
"","TAILLEFINE"
"","HERBALIST"
"","CLEAR"
"","DOM.PICARD"
"","ELEPHANT"
"","EBLY."
"","BERGER"
"","LOEUL ET P"
"","STABILO"
"","ST MICHEL"
"","SIGNAL"
"","MAC CAIN"
"","DUCRO"
"","NEUTRE"
"","B.MAMAN"
"","DERMO EXP."
"","MT BLANC"
"","S"
"","TROPICANA"
"","CRF NUTRIT"
"","CAPRICE DE"
"","LA LAITIER"
"","LIEBIG"
"","SKIN NATUR"
"","CRF"
"","STA CONCEP"
"","SUCHARD"
"","ANCEL"
"","THAI KITCH"
"","CHEF"
"","CAPRI SUN"
"","WEIGHT.WAT"
"","BON APP"
"","LUSITANA"
"","BRASERADES"
"","KARELEA"
"","M&MS"
"","QUINTA AVO"
"","AIRWAVES"
"","DADDY"
"","NORTENE"
"","MAITRE COQ"
"","LU"
"","CASANIS"
"","PT NAVIRE"
"","LE GAULOIS"
"","PROMOCASH"
"","LDM"
"","POULAIN"
"","ISLA DELIC"
"","REXONA"
"","STALAVEN"
"","TOURANGELL"
"","CHARAL"
"","MENTOS GUM"
"","FRESCORYL"
"","MENTOS"
"","MARMITON"
"","LUSTUCRU"
"","SAVEUR-AUG"
"","AOSTE"
"","CLAIROR"
"","CRF SELEC"
"","FLORETTE"
"","SANS"
"","COSTA"
"","SANEX"
"","REC.CHAUDR"
"","TWIX"
"","SAMIA"
"","CANARD"
"","DELECTABL"
"","M.PRUNILLE"
"","REGHALAL"
"","ROGER"
"","LCS NECTAR"
"","BARILLA"
"","DE CECCO"
"","HARIBO"
"","MOUSLINE"
"","GAROFALO"
"","HAVANA CLU"
"","MAILLE"
"","BJORG"
"","COTTAGE"
"","EBLY"
"","CRF EXOTIQ"
"","MATFER"
"","MICHEL AUG"
"","PEDIGREE"
"","DR PEPPER"
"","FDG RESTAU"
"","GLEN TURNE"
"","CRACOTTE"
"","SAXO"
"","INTIMA"
"","GROLSCH PR"
"","MARIE ROSE"
"","RCL"
"","TREFILACTI"
"","S.VOLAILLE"
"","MERE POULA"
"","HIPP"
"","RICHES MON"
"","HIPP BIO"
"","ALLAIRE"
"","LINDT"
"","VELOUTE"
"","SOIGNON"
"","CASA AZZUR"
"","ECONOMAT"
"","ULTI"
"","CRF HOME"
"","JACQUET"
"","PROFRUIT"
"","CRF BAP JR"
"","ALVALLE"
"","BENENUTS"
"","PERRIER"
"","TITOON'S"
"","M.POULARD"
"","THOQUINO"
"","SCOTCH-BRI"
"","NEUTROGENA"
"","SUZI WAN"
"","IMPERIAL"
"","ST LOUIS"
"","PERFECT FI"
"","SAN MARCO"
"","KER CADELA"
"","LARIOS"
"","ISLA MOND."
"","NESCAFE"
"","GALLIA"
"","MALO"
"","DR OETKER"
"","V.FRANCAIS"
"","SOCOPA"
"","BADOIT"
"","RELAX"
"","COCA COLA"
"","FERM.MANEG"
"","ANDROS"
"","VITARMONYL"
"","JARD.ORANT"
"","J.WALKER"
"","BLEDINA"
"","COLONA"
"","ORANGINA"
"","MAIZENA"
"","PRESTIGIEU"
"","LUMINARC"
"","PASQUIER"
"","BREKKIES"
"","SENSODYNE"
"","G.JURY"
"","METHOD"
"","POM'POTE"
"","MENNEN"
"","MAPA"
"","LCS PRO"
"","MAGGI"
"","BACARDI"
"","ULTIMA"
"","CLASSIC F."
"","GAYELORD"
"","MILLE SUD"
"","PILPA DESS"
"","STERADENT"
"","BCS"
"","ELSEVE"
"","TROPICO"
"","FRUISS"
"","DANETTE"
"","CLAN CAMPB"
"","LE GALL"
"","VRAI"
"","BONDUELLE"
"","GLENROTHES"
"","SODEBO"
"","ORIENT.VDE"
"","FANTA"
"","AGIS"
"","SKIPPY"
"","GALBANI"
"","DOMINO"
"","FLANBY"
"","MALABAR"
"","MAGNUM"
"","CORNETTO"
"","AIME"
"","SCHWEPPES"
"","SABAROT"
"","LEGUMOR"
"","CARAMBAR"
"","V.PAILLE"
"","YU.TUO CHA"
"","VIVIEN PAI"
"","BENEDICTA"
"","CRF LIGHT"
"","BONNE MAMA"
"","LOTUS B"
"","NX GAILLAR"
"","MN HOBBY"
"","A.LEFF.BLD"
"","TASSIMO"
"","ST MARC"
"","ASS BLEUE"
"","CANDIA BAB"
"","TIMOTEI"
"","IDEKO"
"","SAUPIQUET"
"","UNCLE BEN'"
"","CITE MARIN"
"","GRAINDORGE"
"","BIEN ETRE"
"","CARTE D'OR"
"","MARIE"
"","BOLINO"
"","MOVIES POP"
"","VICO"
"","AMAND TERR"
"","LAY'S"
"","TORMORE"
"","CHEETOS"
"","HAAGEN-DAZ"
"","DESTINATIO"
"","NESQUICK"
"","TROLLI"
"","CRESPO"
"","DUKAN"
"","SALVETAT"
"","PAYSANGE"
"","BREIZH"
"","CIF PRO"
"","PTIT PLAIS"
"","PAGO"
"","LOUE"
"","VANIA"
"","ARC DISTRI"
"","POLARITY"
"","WHISKAS"
"","GR.JURY"
"","LAVAZZA"
"","KRITSEN"
"","RGE PARFUM"
"","SIFFREIN"
"","CANDEREL"
"","CASSEGRAIN"
"","ACTIVILONG"
"","BABYBEL"
"","STUDIO LIN"
"","NO NAME"
"","SAVOYARDE"
"","PERR.JOUET"
"","AXE"
"","CRUDETTES"
"","BIGARD"
"","BAHIER"
"","GREY GOOSE"
"","SAVOIE YAO"
"","OLIA"
"","PELLETIER"
"","BASSO"
"","CIDOU"
"","EQC"
"","CRF AGIR"
"","ZAPETTI"
"","FULGATOR"
"","COEUR POM"
"","L.DUMONT"
"","DUCOURTIEU"
"","PACIFIC"
"","VIANDOX"
"","KRISPROLLS"
"","LABELLO"
"","PATRELLE"
"","BONCOLAC"
"","BD.CHESNEL"
"","PREFERENCE"
"","OASIS"
"","CEREAL BIO"
"","LARZUL"
"","MALTESERS"
"","ROCHES BLC"
"","JANOT"
"","HEUDEBERT"
"","CHERRY ROC"
"","WILLIAMS"
"","RECETTECRF"
"","HARRY'S"
"","SEB"
"","BALLANTINE"
"","ZENDIUM"
"","FURY"
"","B.VEZELAY"
"","VERQUIN"
"","MIR VAISSE"
"","WILLIAM SA"
"","GERBLE"
"","BRILLANCE"
"","NATURATTIT"
"","BRAISOR"
"","PAMPERS"
"","SCHAR"
"","FRUIT D'OR"
"","LA FOURNEE"
"","CROIBLEU"
"","HEINZ"
"","MAITRE JAC"
"","RISSO CHEF"
"","BROSSARD"
"","BRIENT"
"","VAHINE"
"","FLORELLI"
"","CANCALAISE"
"","CAMBREMER"
"","FRUISS SS"
"","DELACRE"
"","V.TRAPPE"
"","LEFFE"
"","PONTI"
"","TENDRIADE"
"","KINDER"
"","SKIP"
"","LAITIERE"
"","WARENGHEIM"
"","VOLVIC"
"","NAPOLITAIN"
"","TEX BABY"
"","EPICEA"
"","SOLIPRO"
"","DANACOL"
"","PRESIDENT"
"","MUTTI"
"","CRF KIDS"
"","CH.DELGOVE"
"","COCHONOU"
"","TAHITI"
"","AMORA"
"","APERICUBE"
"","ALSA"
"","BRIANCON"
"","DUC"
"","DAIM"
"","PRINGLES"
"","CORAYA"
"","A.LEFFE"
"","TRAMIER"
"","SACLA"
"","DIMPLE"
"","AQUAFRESH"
"","OLD EL PAS"
"","SUZE"
"","DEVOS LEMM"
"","LE FLEURIE"
"","LESIEUR"
"","BURN"
"","PRUNIER"
"","PYREL"
"","BUITONI"
"","BRUNEHAUT"
"","POMMERY"
"","CASTING"
"","LCS"
"","ALSALOR"
"","HOEGAARDEN"
"","PADDY"
"","KUHNE"
"","FINISH"
"","ACTIVIA"
"","MERCUROCHR"
"","JEAN DUCOU"
"","EVEIL"
"","N.FEUILLAT"
"","NAUTILUS"
"","INTIMY"
"","TEX"
"","MR FREEZE"
"","RICOLA"
"","GLADE"
"","JUVAMINE"
"","FRISKIES"
"","LUNOR"
"","BOSS"
"","MERE LALIE"
"","EAU ECARLA"
"","PETITGAS"
"","SYOSS"
"","FINDUS"
"","CODEFA"
"","ESPORAO"
"","CLOSMESNIL"
"","LACTEL"
"","JACOB'S"
"","COLORADO C"
"","FELIX"
"","DUCROS"
"","SVELTESSE"
"","FORCE BIO"
"","SOLEOU"
"","TOP PRIX"
"","SHEBA"
"","ST HUBERT"
"","NATURALINE"
"","L.RAISON"
"","ST BENOIT"
"","MADERN"
"","CEPASCO"
"","FLORESSANC"
"","TEEPOL"
"","HERTA"
"","AMY.KITCH."
"","APERO PASO"
"","QUARTER HO"
"","LABEYRIE"
"","COTE BIO"
"","WILKINSON"
"","COIN GOURM"
"","JUST.BRIDO"
"","SOUPLINE"
"","B.GOULD"
"","MORONI"
"","1ER PRIX"
"","PITCH"
"","CARTE NOIR"
"","PILPA"
"","ARBRE VERT"
"","LUTTI"
"","TAFT"
"","ARAVEN"
"","NULLODOR"
"","M.DU CAFE"
"","COTE D'OR"
"","MONT BLANC"
"","MENISSEZ"
"","SEREBIS"
"","PARMENTIER"
"","TELENN DU"
"","LUXARDO"
"","REGILAIT"
"","CACAOBARRY"
"","CANARD DUC"
"","MARS"
"","MONSAVON"
"","TANOSHI"
"","FIZZY"
"","ABSOLUT"
"","CRF BON AP"
"","VITACUIRE"
"","NATIONALE"
"","SIGN"
"","RISSO"
"","BONORI"
"","PERROSEL"
"","MIX BUFFET"
"","LIPTON ICE"
"","SOMBRERO"
"","CEREBOS"
"","IDEAL"
"","C.ARGOUGES"
"","W.PEEL"
"","MALONGO"
"","PLAZA DEL"
"","BUSHMILLS"
"","GEANT VERT"
"","MELITTA"
"","DESPERADOS"
"","SOLEILLANS"
"","GU"
"","J & B"
"","CALGON"
"","ANTESITE"
"","BAYGON"
"","ARTESANI"
"","MAYBELLINE"
"","GERVAIS"
"","CITTERIO"
"","VITAL"
"","EMAIL DIAM"
"","MERE LYONN"
"","CONTREX"
"","COQ NOIR"
"","ULTRA DOUX"
"","AXAL"
"","DIPLOMATIC"
"","MORITZ"
"","BIORENE"
"","LIPTONIC"
"","SUREE"
"","BORGES"
"","TOSCORO"
"","BIOLANE"
"","DOLCIOSO"
"","NOSARI"
"","FESTIPACK"
"","BELFIORI"
"","LA BOULANG"
"","GDJURY BIO"
"","GYRDIS"
"","RIANS"
"","SCHMIDHAUS"
"","LA FERMIER"
"","ENTREMONT"
"","MAPED"
"","JBON BOCAG"
"","JEAN CABY"
"","WALKERS"
"","ZIP"
"","JEX PROFES"
"","FQC"
"","HEREFORD"
"","R.D'ARGENT"
"","ISIO 4"
"","GERMAIN"
"","GILLETTE"
"","FUSION"
"","VALCO"
"","BEGHIN SAY"
"","FREEDENT"
"","MILKA"
"","MIKADO"
"","FRIAL"
"","MACQUET"
"","ST JAMES"
"","ABBAYE"
"","PORT SALUT"
"","PUGET"
"","CLERMONT"
"","BLUE DRAGO"
"","VARTA"
"","NATURE MOI"
"","TAITTINGER"
"","CHATEAU BL"
"","ZED"
"","CHARRETTE"
"","MEO"
"","DESSANGE"
"","SCHOLL"
"","POCO LOCO"
"","TETLEY"
"","TIC TAC"
"","BOURSIN"
"","ROY.HOLLAN"
"","VOUVRAY"
"","LORINA"
"","BRESSE BLE"
"","ABBAYE LYS"
"","PAULETTE"
"","CADBURY"
"","FR.KEBAB"
"","GD COMTOIS"
"","SOLIGERM"
"","PANAVI"
"","MIEL BESAC"
"","VILEDA"
"","BOLARD"
"","VANISH"
"","CANIGOU"
"","WONKA"
"","T.RABASSE"
"","DAREGAL"
"","FEMFRESH"
"","MATINES"
"","KIWI"
"","KRONENBOUR"
"","HOLLYWOOD"
"","USHUAIA"
"","CH'TI"
"","LA PIE QUI"
"","MOULIPACK"
"","ALTER ECO"
"","PELFORTH"
"","POURET"
"","SCORPIO"
"","CAUVIN"
"","CARAIBOS"
"","C.FARME"
"","ADELSCOTT"
"","CUBANISTO"
"","TONGERLO"
"","REO"
"","VITAKRAFT"
"","J.DESSANGE"
"","TOLEDO"
"","TOURTEL"
"","GD JURY."
"","PIE CHANTE"
"","SPNP"
"","HIDA"
"","SISCA"
"","EVIAN"
"","CIRO"
"","CURLY"
"","GRIMBERGEN"
"","PAPILLON."
"","ERISTOFF"
"","SUMOL"
"","SUBLIM"
"","APERIFRUIT"
"","CHUPA CHUP"
"","SUPER BOCK"
"","MIFROMA"
"","RAID"
"","NANA"
"","SUN"
"","DOVE"
"","PAVE D'AFF"
"","SUPER GLUE"
"","OMO"
"","PERSIL"
"","VOILIER"
"","CORALIS"
"","ALFAPAC"
"","VILLARS"
"","COEUR DE L"
"","L'OR"
"","EUGENE COL"
"","TUBORG"
"","SDC"
"","1664"
"","GOURMET"
"","JINJI CUP"
"","ADIDAS"
"","ST MORET"
"","WAI WAI"
"","GRANOLA"
"","ONE"
"","SANYTOL"
"","TABLEGUILL"
"","MAGDA"
"","GIMB.OCEAN"
"","M.MUNCH"
"","TENDR.PLUS"
"","ISIGNY."
"","GLASSEX"
"","DR BECKMAN"
"","M.MIN"
"","ALCOOLS"
"","CROC FRAIS"
"","TERRA DEL"
"","DELPEYRAT"
"","LESTER"
"","GOOD GOUT"
"","ARIEL"
"","SEVRE BELL"
"","AMIGOS"
"","HEPAR"
"","PURINA ONE"
"","F.PROVOST"
"","ALWAYS"
"","GARBIT"
"","VERDANNET"
"","DELICES"
"","BELIN"
"","CAVE BIERE"
"","MAMIE NOVA"
"","ST STEFANU"
"","MARIE HARE"
"","TUTTIFREE"
"","PERRUCHE"
"","DUPLO"
"","VIENNOIS"
"","CUIS.OCEAN"
"","R.PAUMERAI"
"","O'SOLEIL"
"","TERAXYL"
"","SPONTEX"
"","ASTRUC"
"","MATERNE"
"","ETHIQUABLE"
"","ELNETT"
"","VEET"
"","LEROUX"
"","NAP"
"","CHALEUR CR"
"","SUN PRO"
"","EXPERT"
"","CAJOLINE"
"","COMPAL."
"","CARLSBERG"
"","BAHLSEN"
"","SAINT MAME"
"","ROCHES"
"","L.BLANC"
"","LE TREFLE"
"","VALADE"
"","GRANDLAIT"
"","CONNETABLE"
"","TG CHEF"
"","POITOU CHE"
"","DAKATINE"
"","FACKELMANN"
"","DUREX"
"","ULR.VARENS"
"","BONAPPETIT"
"","ARTCULINE"
"","LOBODIS"
"","TILDA"
"","CONFIPOTE"
"","JAILLANCE"
"","S.PELLEGRI"
"","LE RUSTIQU"
"","TEISSEIRE"
"","FAUGIER"
"","SICILIA"
"","BOULANGERE"
"","BRANCA"
"","VITTEL"
"","ST.MICHEL"
"","CRUZ"
"","SEVEN UP"
"","GUINNESS"
"","GRAIN OR"
"","H.G"
"","FLEURY"
"","FAUCHON"
"","VEGGIE"
"","F.RAVICH"
"","MICHEL&AUG"
"","APICULTEUR"
"","J.GILLOT"
"","A.DE BLINI"
"","DAUNAT"
"","TOURNEBON"
"","DEL MONTE"
"","HUHTAMAKI"
"","ALBAL"
"","ALTOR"
"","BLINI"
"","GEL PECHE"
"","PULCO"
"","SOHO"
"","ROCHEFONT."
"","LE CABANON"
"","CABANON"
"","RECRE OLE"
"","JARD.BIOL."
"","BN"
"","TSANTALI"
"","DELIFRANCE"
"","GAVOTTES"
"","LARNAUDIE"
"","FRITELLE"
"","PATISFRANC"
"","RISTORANTE"
"","OTIO"
"","BRIDELICE"
"","TENA"
"","SAINT AGUR"
"","WELL"
"","NARTA"
"","LAITIERE M"
"","JVD"
"","BOEHLI"
"","NAIR"
"","HARRIS"
"","YETI"
"","ST YORRE"
"","ETOIL.VERC"
"","PHILIPS"
"","ROYAL CHAM"
"","PITTERS"
"","CHAUDFONT."
"","ISIGNY"
"","WEIGHT WAT"
"","RAMIREZ"
"","RISO GALLO"
"","ACTIMEL"
"","ROWENTA"
"","CRF-CDM"
"","CRAQUELINS"
"","TUC"
"","ESCAL"
"","TITUS"
"","FURIC"
"","PAILLARD"
"","OREO"
"","KERITI"
"","MITSUBA"
"","MIRINDA"
"","B.APPETIT"
"","FUCHS"
"","FESS'NET"
"","SECR.MOINE"
"","BABYBIO"
"","HERSHEY'S"
"","DOP"
"","WILL&JAMES"
"","MDD"
"","LA CIOTA"
"","ILOU"
"","A.SOLAIRE"
"","DACO BELLO"
"","JUVAFLORI"
"","RAYNAL"
"","SERVIPACK"
"","JACQ"
"","CHAMPION"
"","GENIE"
"","OEUF GASCO"
"","ALLERGO"
"","PLESSIS FR"
"","PLESSIS"
"","WOLFBERGER"
"","TIPTREE"
"","N.GUEUSQUI"
"","SPECIAL K"
"","ZONE ECONO"
"","PEKA FRESH"
"","BUSNEL"
"","CROUSTIPAT"
"","MONTAG.NRE"
"","NAT.FRANCE"
"","HEARTBRAND"
"","BEAUJOUR"
"","BOISSERIE"
"","LINEANCE"
"","DEBROAS"
"","ENTREE MER"
"","BRUNET"
"","LIVRADOIS"
"","GUYADER"
"","KETTLES"
"","PAILLE DOR"
"","GRANINI"
"","PER INTER"
"","CERAL BIO"
"","GUERANDAIS"
"","HARPIC"
"","CAROLIN"
"","JOULUPUKKI"
"","FREIXENET"
"","PALMOLIVE"
"","AVON&RAGOB"
"","MERE ANGOT"
"","MONTESQUIO"
"","MBLANC"
"","AIR WICK"
"","CADUM"
"","TOOGOOD"
"","ST AGAUNE"
"","ELPOZO"
"","BOUFFONNE"
"","GERLINEA"
"","ORAL B"
"","LIGUEIL"
"","ENERGIZER"
"","KAMBLY"
"","MAM.MAG PO"
"","BIO LA VIE"
"","3 MONTS"
"","JIM BEAM"
"","CHAUMES"
"","ST ALBRAY"
"","VIEUX PANE"
"","CHAMOIS D'"
"","VITROCLEN"
"","DIVERSEYL"
"","QUAKER"
"","GARNIER"
"","COLGATE"
"","BON.MAMAN"
"","STAR WARS"
"","STOEFFLER"
"","DELPIERRE"
"","PERFECT MO"
"","J.DESTROOP"
"","RUSSIAN"
"","F.MESNIL"
"","ARNAUD.G.T"
"","LES GAVOTT"
"","FROM.BANON"
"","CZON"
"","CHARLES"
"","DANIO"
"","AYAM"
"","SOULIE"
"","PETIT JEAN"
"","NOBRE"
"","MIDI TIELL"
"","PAUL&LOUIS"
"","DAUCY"
"","BALISTO"
"","EXCELLENCE"
"","APOLLO"
"","ZAKIA"
"","CHRIST"
"","LA BELLE C"
"","ROZANA"
"","PATAK'S"
"","SEEBERGER"
"","PEPITO"
"","PRESERVEX"
"","BIOWARE"
"","JEAN BRUNE"
"","BORDE"
"","PUR/GOURME"
"","MERZER"
"","A.METZ"
"","DES.SAVEUR"
"","VALLEDORO"
"","BRIDEL"
"","DORITOS"
"","GIBSON'S"
"","REGENT'S"
"","TRESOR"
"","LANDVIKA"
"","SOLI-INOX"
"","EAU JEUNE"
"","JORDANS"
"","R.CREMEUSE"
"","ISOSTAR"
"","YOPLAIT"
"","MDD CARREF"
"","PAIC"
"","DIM"
"","J.MARTIN"
"","FORCHY PAT"
"","CATSAN"
"","D.D'ISIGNY"
"","CLEMENT"
"","BREF WC"
"","INNOCENT"
"","VIDELYS"
"","ERHARD"
"","GLISS"
"","SCHMIDT"
"","RUMMO"
"","PLAYBOY"
"","FROM'COEUR"
"","ECUSSON"
"","LULU OURSO"
"","BRIOCHIN"
"","M.SUBITE"
"","VADEMECUM"
"","D"
"","ALPHACID"
"","FLORALINE"
"","VAL RANCE"
"","ESPIG B.E"
"","SOCIETE"
"","MEULE D'OR"
"","MAGIC RETO"
"","DISNEY"
"","BREBIOU"
"","FOL EPI"
"","LEXAR"
"","LISTERINE"
"","SEKIPACK"
"","VALNOIX"
"","BISQUIT"
"","CROK'APERO"
"","PRE D AUGE"
"","EPARCYL"
"","CHIPS AHOY"
"","BREWDOG"
"","T.NORMANDI"
"","COMPTOIR M"
"","SNICKERS"
"","NA"
"","RAMBOL"
"","MC VITIES"
"","DR.OETKER"
"","OLABE"
"","FERME CRAY"
"","FARO"
"","OUMMI"
"","KOENIGSBIE"
"","GDJU EQUIL"
"","SAM BARTON"
"","ALPINA"
"","KERISAC"
"","DEL.ORIENT"
"","CELLISLIM"
"","M'AMOUR"
"","100 COLOR"
"","G.TRAITEUR"
"","SS MARQUE"
"","DEMOISELLE"
"","MARTINET"
"","FERM.PEUPL"
"","ROSINSKI"
"","KIRI"
"","VIVIS"
"","CIF"
"","NEGRITA"
"","DARK&LOVEL"
"","SANOGYL"
"","NO BRANDS"
"","QUIES"
"","OCTOPACK"
"","ERMITAGE"
"","LACROIX"
"","OGEU"
"","BIER.ATLAS"
"","QUADRIPACK"
"","JANEIRO"
"","LABEL 5"
"","RAVEL"
"","LEMELLE"
"","PRESSADE"
"","BRIDOR"
"","LOU PERAC"
"","SALAKIS"
"","COURCEL"
"","NOEL ALIM"
"","LE STER"
"","LENOR"
"","DEMAK'UP"
"","TR.CORNOUI"
"","GATORADE"
"","PISANG AMB"
"","MARGELY"
"","ST AUBERT"
"","N.GAILLARD"
"","MILUMEL"
"","KREMA"
"","BEN&JERRY'"
"","4 PAT"
"","LOOKOLOOK"
"","PUREVIA"
"","ELLE & VIR"
"","JOKER"
"","FROM.DROME"
"","BREAVOINE"
"","MUMM"
"","STARBUCK"
"","FR.GASTRON"
"","K2R"
"","PLEYBEN"
"","SAUMUR"
"","TOPSOL"
"","EAT"
"","TREBLEC"
"","MONT ST M."
"","GET 27"
"","WYRITOL"
"","KLEENEX"
"","VILLANI"
"","PAP POITOU"
"","FOURNIL FR"
"","ACTIFEU"
"","GDJU TOUTP"
"","FERM.ANCHI"
"","MEN EXPERT"
"","LA MENAGER"
"","NOUR"
"","LA GOUDALE"
"","BRET'S"
"","LES 2 VACH"
"","GOTAN"
"","ERHARD PAT"
"","POTAG.BIO"
"","GORDON"
"","SUN."
"","GOLD"
"","MAPLE JOE"
"","GRANY"
"","BAVARIA"
"","JANVILLE"
"","GAM"
"","ANJOUIN"
"","ESPUNA"
"","VALAURIA"
"","OKAY"
"","GUIGOZ"
"","MONTORSI"
"","DUVEL"
"","CRF SHIELD"
"","LIPTON."
"","PAREO"
"","MOENCH"
"","NETT"
"","VANIFLOR"
"","COQUELINE"
"","ANEE"
"","B.LADUBAY"
"","SEMPE"
"","D'AVO"
"","MONTS&TERR"
"","PRESTIPACK"
"","DELIPACK"
"","GENIUS"
"","ZEN&SS GLU"
"","MIR COULEU"
"","SOBIESKI"
"","SOLIJAVEL"
"","BRUN"
"","MIXED"
"","CALECHE"
"","VIEIRA"
"","PIETRO CAS"
"","DR FISCHER"
"","NESTEA"
"","M GOUSTIER"
"","BLONDEPIL"
"","HANSAPLAST"
"","BARBIER"
"","ACROFOURRE"
"","GRAND FERM"
"","LEGEMMEUR"
"","CESAR"
"","JAMESON"
"","OLD NICK"
"","MONSTER"
"","MADRANGE"
"","RUINART"
"","SIR EDWARD"
"","J.DANIELS"
"","LA MAUNY"
"","C.VOLNER"
"","NUK"
"","CSM FRANCE"
"","MONEGASQUE"
"","MAAYANE"
"","POLENGHI"
"","SEGAFREDO"
"","DEFROIDMON"
"","T.PARIS"
"","REA"
"","FUMAGALLI"
"","MINUT-MAID"
"","CHERRY COK"
"","AROMEX"
"","MOY PARK"
"","TARTEFRAIS"
"","DORMOY"
"","SILL ARTIQ"
"","KAS"
"","ROYCO"
"","ST MERAC"
"","CREMANT"
"","AMSTERDAM"
"","PIERVAL"
"","SPRITE"
"","PALERMO"
"","CACOLAC"
"","GLENLIVET"
"","BLANCART"
"","D'ARTIGNY"
"","LIMINANA"
"","LCS NECT"
"","FRISK"
"","FRUITS DEL"
"","CANADA DRY"
"","C.EPICES"
"","BLC.FOUSSY"
"","COURMAYEUR"
"","COCORETTE"
"","FAUQUET"
"","S.SPORT"
"","CANADOU"
"","QUOTIDIEN"
"","DILLON"
"","SOJASUN"
"","J.GAUTRET"
"","HAWAIIAN"
"","AJAX"
"","C.DESSERTS"
"","PALMER'S"
"","PATTEX"
"","ABSENTE"
"","GLENFIDDIC"
"","POLIAKOV"
"","CAR HOME"
"","MA TRADITI"
"","B.HERMINE"
"","DUJARDIN"
"","BAYEUX"
"","FRUITELLA"
"","COUNTRY"
"","D.MENHIR"
"","PALETTE"
"","BECHER"
"","PTE PERCEE"
"","MARTINI RO"
"","MARTINI R"
"","M.LEGER"
"","DR.BECHER"
"","MARTINI BI"
"","A.LAURENT"
"","PANACH'"
"","VVLE DOP"
"","TSING TAO"
"","33 EXPORT"
"","KANTERBRAU"
"","MONVISO"
"","LA BECASSE"
"","EKU 28"
"","CHIMAY"
"","ORVAL"
"","VIA ANTICA"
"","MAREDSOUS"
"","LINDEMANS"
"","LEERDAMER"
"","TALLEC"
"","PERE BENOI"
"","PILSNER"
"","BORDEAUX C"
"","TERRE ITAL"
"","TARTARE"
"","CADONETT"
"","RED BULL"
"","DUERRS"
"","ASCANIA"
"","LA VACHE Q"
"","MT ROUCOUS"
"","PARMAREGGI"
"","REN.SAVEUR"
"","TANNEAU"
"","VIKOROFF"
"","ARIZONA"
"","PAST.VICHY"
"","LCS EXCLUS"
"","ST AMAND"
"","MONT ARREE"
"","WOOLITE"
"","DANAO"
"","WATTWILLER"
"","CAROLA"
"","LE PARFAIT"
"","ST AMOUR"
"","DISGROUP"
"","KRUG"
"","WHAOU"
"","MON FOURNI"
"","EFISEPTYL"
"","SKITTLES"
"","NUTELLA"
"","MAXWELL"
"","ECOCHARD"
"","CRF DISC"
"","GRAND MERE"
"","ULTRA BRIT"
"","ZUBROWKA"
"","MONTAGNE N"
"","MARI.MORIN"
"","MARIE BRIZ"
"","BARRY"
"","DASH"
"","GYMA"
"","TERRES&CER"
"","PERE OLIVE"
"","VENEZZIO"
"","CREALINE"
"","A.DELICES"
"","ETORKI"
"","CHARLEVAL"
"","BRIDELIGHT"
"","BRIGHT"
"","HELLMANN'S"
"","GILTRAITEU"
"","JUVASANTE"
"","TRAD Y SEL"
"","BRET.LAPIN"
"","PEPSI"
"","8 IN 1"
"","TAMPAX"
"","DESTOP"
"","CEMOI"
"","JEX"
"","H&S"
"","MAYTEA"
"","CAFE ROYAL"
"","BIO NAT"
"","CIE.ARTIQU"
"","PRIMEVERE"
"","ALMONDY"
"","LA MARTINI"
"","CHANOINE"
"","FRIT RAVIC"
"","JACQUART"
"","A.B.C.D"
"","LCS SUN UL"
"","LACHETEAU"
"","POLIDENT"
"","DEFIAL"
"","RONDELE"
"","VEUVE CLIQ"
"","CHAUSSEE A"
"","SOYANCE"
"","SO BIO"
"","BERNADET"
"","LANSON"
"","HEIDSIECK"
"","A.ROTHSCHI"
"","BRUT"
"","TERRE BLEU"
"","VEUVE AMIO"
"","VARICHON"
"","KRITER"
"","S.BEAUPRE"
"","PERONI"
"","PINSON"
"","OPERA"
"","WASA"
"","GPV"
"","LISTEL"
"","RECETTE"
"","DOLE"
"","GDJU PARF"
"","ORLOFF"
"","F.NORMAND"
"","CAP OCEAN"
"","MONINI"
"","L.ANGELYS"
"","LE MANOIR"
"","EL TAJ"
"","RICORE"
"","MONT BLC"
"","PURE LEAF"
"","HAPPY NUT"
"","BATISTE"
"","VRANKEN"
"","MIR"
"","MIR LAINE"
"","PASTIS 51"
"","RICARD"
"","H.BARDOUIN"
"","FLORANIS"
"","NISSIN"
"","VAI VAI"
"","ENSOLEIL'A"
"","SOFAL"
"","MARTINI"
"","CAMPARI"
"","BYRRH"
"","AMBASSADEU"
"","CINZANO"
"","PICON"
"","L'APERITIF"
"","B.DE VENIS"
"","FRONTIGNAN"
"","VABE"
"","L.DE RETZ"
"","PERNOD"
"","TSARINE"
"","PELLEGRINO"
"","J.FRIEDA"
"","CRUSTARMOR"
"","GUEPRATTE"
"","PTT GERVAI"
"","L.LAGOUTE"
"","W.PITTERS."
"","PITTERSON"
"","ST VIVANT"
"","HAUDECOEUR"
"","BYO ESSENT"
"","CAFE PARIS"
"","PETROLE HA"
"","PERE MAGLO"
"","LOOS"
"","BOUKHA"
"","MORAND"
"","SYLVAIN"
"","M.FRT SEC"
"","VEDRENNE"
"","GET 31"
"","CHARTREUSE"
"","PAGES"
"","COINTREAU"
"","BOLOGNE"
"","C.CHAUFFE"
"","FOUR ROSES"
"","GOLD RIVER"
"","GRANT'S"
"","THE FAMOUS"
"","LAPHROAIG"
"","W.LAWSON'S"
"","LONG JOHN"
"","LCS MEN"
"","CROWN ROYA"
"","KNOCKANDO"
"","BALVENIE"
"","O'TAPAS"
"","GORDON'S"
"","SMIRNOFF"
"","SAUZA"
"","BEEFEATER"
"","BOMBAY"
"","PDF"
"","C.LAFITTE"
"","VVE AMBAL"
"","FR.CHABERT"
"","CAFE ROY E"
"","AGUACANA"
"","CHATELDON"
"","PAPILLON"
"","HUGGIES"
"","FEBREZE"
"","CAP BON."
"","FINLEY"
"","GOLFONUEVO"
"","BROOKLYN"
"","KILKENNY"
"","GD MERE"
"","JACQUES VA"
"","HERITIER G"
"","M.DE FRUTO"
"","AUTOPRATIC"
"","FJORD"
"","TREO"
"","PEGASE"
"","LASSO"
"","GERVITA"
"","BELLE COLO"
"","WESTMALLE"
"","TROP.APERO"
"","ONETIK"
"","VELOUR NOI"
"","PANZANI+"
"","PIZ.MANOSQ"
"","CRAZY TIG."
"","FRUITE"
"","M.BONCOLAC"
"","LE NATUREL"
"","VIENNETTA"
"","JURA"
"","TUSIPACK"
"","GLORIA"
"","J.BRIDOU"
"","OVIVE"
"","HAUT PAYS"
"","BJR CAMPAG"
"","BRISE"
"","VIVAT"
"","BORGES*"
"","NIDAL"
"","BELZEBUTH"
"","EVEN"
"","APEROL"
"","GDJU PREMI"
"","CELEBRATIO"
"","PRODISAL"
"","KARA"
"","OURAGAN"
"","OF TOV"
"","VIVA"
"","CANDIA"
"","LE CHAT"
"","SALUTAR"
"","CANSON"
"","LE MARIN"
"","S.GIUSEPPE"
"","LE PT OLIV"
"","PURE SOUTH"
"","BANANIA"
"","BENCO"
"","CARO"
"","BROCELIAN"
"","FISCHER"
"","JOCKEY"
"","LIEFMANS"
"","MAISON DU"
"","KAREA"
"","JL DAVID"
"","TONIMALT"
"","B.COTENTIN"
"","OCEAN"
"","BANANI"
"","DERMOPHIL"
"","POM BISTRO"
"","GLACON DOC"
"","BROCELIAND"
"","BORDE."
"","SOVIBA"
"","TRADI.ASIE"
"","CANDY'UP"
"","ISTARA"
"","LEA&PERRIN"
"","PETIT SUI"
"","PETITS SUI"
"","PURINA FEL"
"","WYKE FARMS"
"","MAESTRELLA"
"","DELICEMER"
"","VEGETALINE"
"","CORSICA"
"","HOD LAVAN"
"","PETIT BASQ"
"","S&B"
"","WERTHER'S"
"","MARTIN'S"
"","LE POCHAT"
"","DIVERS"
"","LE JARDIN"
"","GO-TAN"
"","DAM.BESSON"
"","STOP"
"","LAP.ARTOIS"
"","FRESH GOUR"
"","S.DUTRIAUX"
"","STOP INSEC"
"","COOL"
"","LE CLOS ST"
"","BECUP"
"","P.NORMAND"
"","POPPIES"
"","POST IT"
"","FAVORITE"
"","DANY"
"","CATCH"
"","BERTRAND"
"","BON MAYENN"
"","LEPETIT"
"","ROITELET"
"","FROM.AFFIN"
"","JORT"
"","TRIBALLAT"
"","FR.VERDIER"
"","G.GRAHAM"
"","CAPITOUL"
"","PETIT BILL"
"","LANQUETOT"
"","BREZAIN"
"","LILLET"
"","MOVIDA"
"","COUSTERON"
"","JEAN FAUP"
"","SOLIVAISSE"
"","CHOUFFE"
"","CHEVRETINE"
"","LE VERNEUI"
"","ETO.QUERCY"
"","LCS LIPO"
"","RIGAL"
"","BOUNTY"
"","LA TRAPPE"
"","INFUSION"
"","VENUS"
"","HUGO LE MA"
"","DAMOISEAU"
"","FABULON"
"","BOLDAIR"
"","QUEZAC"
"","LA POTAGER"
"","AGRILAIT"
"","BRAT'S"
"","GENERIQUE"
"","OR ESPRESS"
"","GANCIA"
"","ARNAUD"
"","L.PERRIER"
"","MONTERRAT"
"","WATERMAN"
"","VIDAL"
"","WC NET"
"","1"
"","9BAR"
"","ACKERMAN"
"","BELVITA"
"","PINGUIN"
"","G.DEVERON"
"","FER.ANCHIN"
"","FLOVAL"
"","VOLVIC FR."
"","DAUNATURE"
"","SAINT LOUP"
"","PURINA"
"","VITA COCO"
"","HANDY BAG"
"","CATISFA"
"","PAPER MATE"
"","APERIVRAIS"
"","BISTO"
"","AURA"
"","ACE"
"","MR PROPRE"
"","LA BRESSE"
"","GAVOTTE"
"","TYRRELLS"
"","BOULE D OR"
"","BUHLER"
"","3D'S"
"","CORONA"
"","FEYNARD"
"","CIGALINES"
"","SHARWOODS"
"","BRUT COQUE"
"","S.ZAITSEV"
"","MARIE."
"","PLANTA FIN"
"","SOLIPROPRE"
"","DEGRAISNET"
"","DONA OLIVA"
"","PLANCOET"
"","LE GLAZIK"
"","ELMEX"
"","NESQUIK"
"","LCS KERASC"
"","BI-TOUCH"
"","APICU.ASSO"
"","WK"
"","BARRIELLE"
"","APTUNION"
"","COUVER'NET"
"","CILIA"
"","RIGONI"
"","SOLIFOUR"
"","SOL'NET"
"","GLANZER"
"","MIR MOQUET"
"","TERRA"
"","MONIN"
"","PRIMA"
"","DECAP FOUR"
"","SOL"
"","SUN.DELIGH"
"","G.MARNIER"
"","O TAPAS"
"","CLARCYL"
"","ZENSECT"
"","IBA"
"","SMARTWARES"
"","LUANG"
"","PREST.SART"
"","VICHY CELE"
"","LCS SC"
"","LOR"
"","DR SCHAR"
"","JELLY BELL"
"","BRITT"
"","POWERADE"
"","EYGUEBELLE"
"","BOUVARD"
"","SADER"
"","LE BRUN"
"","SANDEMAN"
"","LAIT VICHY"
"","NEISSON"
"","S.ARTOIS"
"","SELEC.MARE"
"","COLMAN'S"
"","DANONE"
"","FROLIC"
"","TULIP"
"","ANTIKAL"
"","LIZI'S"
"","MONTS JOUX"
"","SANICAT"
"","LCS LUMINI"
"","BIER.DEMON"
"","CAFE ROY D"
"","MIEUXA"
"","JANZE"
"","SAINT OMER"
"","CRF ECOPLA"
"","TOBLERONE"
"","TERRES ROY"
"","AICHA"
"","CUV.TROLLS"
"","CILLIT"
"","BANDOS"
"","HITSCHIES"
"","MOLTONEL"
"","RBI"
"","KODAK"
"","GINKO"
"","ELOT"
"","SANS."
"","CHIVAS"
"","SPAAS"
"","VANELLI"
"","DISCHAMP"
"","ANCEL RIST"
"","STIMOROL"
"","PICUEZO"
"","WONDERFUL"
"","LIGHTBODY"
"","MANGAJO"
"","KIDIBOO"
"","PETIT PRIX"
"","T.AUVERGNE"
"","NEWTREE"
"","VICHY"
"","PASSOA"
"","VIEILLE AB"
"","SAV.TERROI"
"","HERADURA"
"","WYBOROWA"
"","PILOT"
"","R.COCHON"
"","STEMMELEN"
"","BASQUAISE"
"","MOTTIN"
"","MANIX"
"","GILLOT"
"","RANA"
"","ROCHEFORT"
"","BUCKLER"
"","LE RENARD"
"","COREFF"
"","THONON"
"","AUGUSTIN F"
"","TISCAZ"
"","SANTOLIVA"
"","SUPPLEX"
"","V.ARGENT"
"","VAN HOUTEN"
"","GUENARD"
"","XXX"
"","MARMITE"
"","POULARD"
"","J. FLOCH"
"","C.QUEBEC"
"","CURVER"
"","DESSERT JO"
"","LESAFFRE"
"","PAST.ANGEL"
"","JUMBO"
"","SAN JOSE"
"","TEGUSTA"
"","BIOLAIT"
"","RIBEIRA"
"","CLIN OEIL"
"","ALPRO"
"","AFTER EIGH"
"","MUSCADOR"
"","PT ECOLIER"
"","FA"
"","NOILLY PRA"
"","YABON"
"","TETRA"
"","FRUI/FLEUR"
"","WEETABIX"
"","FISHERMAN'"
"","MARKAGEL"
"","FERRARI G"
"","CH.VOLNER"
"","PTI PRIX"
"","REGALETTE"
"","FICELLO"
"","GRACE"
"","BERLIDON"
"","FDG"
"","MEME GEORG"
"","OEUF VILLA"
"","LAURA SIMS"
"","ST ANTONIN"
"","TARAX"
"","JENLAIN"
"","BAHIA"
"","SOLEADA"
"","BRASIFLOR"
"","FLY"
"","PREDAULT"
"","BADOIT VRT"
"","CARREF ECO"
"","OBAN"
"","ATOUT"
"","C.ARBEL"
"","DARI"
"","ESTRIBOS"
"","FLO"
"","GEORGELIN"
"","F.PROGLIDE"
"","MARCEL BIO"
"","CROC'ODOR"
"","CARDHU"
"","SILHOUET."
"","MONTFORT"
"","KELLOGS"
"","SCOTCH"
"","GEMEY"
"","CHAVROUX"
"","CATHEDRAL"
"","VERNIERE"
"","LINCET"
"","RAFFAELLO"
"","DANONE NAT"
"","STEFF"
"","B.ABBAYE"
"","KAHLUA"
"","FIXODENT"
"","RICHTER"
"","STARLING"
"","ST RAPHAEL"
"","RAINETT"
"","CARREL"
"","CAOL ILA"
"","RHODIA"
"","LOVE&GREEN"
"","ESCO"
"","GARDEL"
"","APERITAPAS"
"","GALAK"
"","LCS ULT"
"","WOW"
"","VIGILANTE"
"","QUID"
"","VENDOME"
"","CRUSCANA"
"","BRINK"
"","SUPERCROIX"
"","VALCREST"
"","NO GLUTEN"
"","MOET & CHA"
"","3 RIVIERES"
"","A MODO MIO"
"","MIRAMONT"
"","GRAIN ORGE"
"","TALISKER"
"","HEBERT"
"","SEBALCE"
"","PHILADELPH"
"","RITHIAOPHA"
"","J.ARTHES"
"","VITOMIT"
"","BENEDICTIN"
"","M.VITIES"
"","PHENICIA"
"","SOLEIL ILE"
"","SICELIANI"
"","JACOBS"
"","REGAL'AD"
"","ROJAFLOR"
"","PENTO"
"","CRF DISNEY"
"","ROJAPLIS"
"","THEBAULT"
"","LENART"
"","G.MILLS"
"","SCAPA"
"","P.GUILLAUM"
"","SS MARQUE."
"","SELECT."
"","DOM DUARTE"
"","FRAIS DEVA"
"","RAPHA"
"","POPSY"
"","HP SAUCE"
"","FLUORYL"
"","DEWAR'S"
"","PROGRESS H"
"","BEL ARGENT"
"","PERMIFIQUE"
"","VITABIO"
"","COLORIA"
"","SAVANE"
"","SUNDY"
"","CHALLANS"
"","HALAL D."
"","DOUNIA"
"","VU"
"","BAILEYS"
"","DELICIEUSE"
"","CREOL.FOOD"
"","MAUREL"
"","COSMETIQUE"
"","UHU"
"","OXFORD"
"","3M"
"","BRESSE"
"","COOPERL"
"","FITNESS"
"","SENI"
"","POL REMY"
"","ST MAMET"
"","ALPHACEL"
"","DUHALLE"
"","M.COCHON"
"","VELOUR NR"
"","KARELIA"
"","FLUFF"
"","SERPIS"
"","MICAU"
"","GRD JURY"
"","GALLO"
"","FOSSIER"
"","MACARICO"
"","MILANEZA"
"","L.BOUILLOT"
"","LA COCA"
"","EDELMONT"
"","OLYMPIO"
"","BIOTHENTI."
"","MODILAC"
"","HECHTER"
"","EL AVION"
"","CRF DISC."
"","GULLON."
"","FOSS"
"","ROCHEBARON"
"","SOLICUISIN"
"","DON MIGUEL"
"","LES DIEUX"
"","OCEAN SPRA"
"","BOURSAULT"
"","SOCIET.CRE"
"","TRAOU MAD"
"","SIRACUSE"
"","KERANOVE"
"","BIER.ABBAY"
"","PHARE CAPB"
"","CREOLE FOO"
"","PEZ"
"","VALBLAN"
"","SAN MIGUEL"
"","DUTEIL"
"","DI VITA"
"","SOUA SOUA"
"","DUVAL"
"","ALBERT LHU"
"","GRANORO"
"","YARDEN"
"","TRUC FOU"
"","MOULINEX"
"","YUM YUM"
"","MENGUY'S"
"","CH.VIGNON"
"","P'TIT LOUI"
"","KNOB CREEK"
"","LA FAVORIT"
"","ABERLOUR"
"","I.TONIC"
"","ARMOR"
"","BOLLINGER"
"","QUALITY ST"
"","PITCHOUNE"
"","COLUMBIA"
"","ASTRA"
"","WEISMULLER"
"","HIKARI"
"","GOLDWASSER"
"","MENGUY"
"","NATUR.BIO"
"","ORIENT HAL"
"","STYL.ULTIM"
"","KERATIN CO"
"","G.SAVOYARD"
"","CORBEAU"
"","FLOREPI"
"","VOLBEL"
"","MASTER CAT"
"","COEUR DE B"
"","ANGOSTURA"
"","JOSE CUERV"
"","PLIZ"
"","JEANPERRIN"
"","DESSAINT D"
"","PRUNO DELI"
"","BAVARIAWIT"
"","FIDES"
"","MADHIA"
"","PLANET BIO"
"","DELI.MONDE"
"","HENNESSY"
"","MERCIER"
"","SANS MEDAI"
"","SMILEY"
"","D.BELLEVUE"
"","51 GLACIAL"
"","BONTOUT"
"","BUBBLE GUM"
"","ISALI"
"","FARAUD"
"","BEAUVAL"
"","SAINT JEAN"
"","GLENKINCHI"
"","DALWHINNIE"
"","ROEDERER"
"","ARBRE MAGI"
"","SELECTO"
"","COCO FRIGO"
"","LA VOSGIEN"
"","AKASHI"
"","NIKKA"
"","GLENMORANG"
"","LAJAUNIE"
"","LES CHAMPI"
"","NUTS"
"","VELOX"
"","CANTOREL"
"","CRF HALAL"
"","HUTCHINSON"
"","COPAR"
"","PTX"
"","YOOJI"
"","NC"
"","SARTHOISES"
"","BUD"
"","LONDON PRI"
"","PERSAVON"
"","RUBSON"
"","JVC"
"","AL WADI"
"","BADOIT RGE"
"","SWIFFER"
"","CAP.MORGAN"
"","SUPRA SAC"
"","MINT'S"
"","BALTHOR"
"","ART CUISIN"
"","GRUAU D OR"
"","SAPRESTI"
"","ALP'NOIX"
"","TEX SPORT"
"","OLIVAFIX"
"","TANQUERAY"
"","JOCKEY(D)"
"","MICHEL ADR"
"","TE GUSTA"
"","BOURJOIS"
"","ALU ITALIE"
"","ALU GRECE"
"","AROPIZ"
"","VALS"
"","GINI"
"","CRUNCHIPS"
"","GREENSHOOT"
"","RENSOW LTD"
"","SAMAI"
"","CAP DINEC"
"","HISTOIRE"
"","SKOLL"
"","VANDERBILT"
"","ENCONA"
"","CAT' BEST"
"","RHUM HSE"
"","NOIX GAILL"
"","PIETRA"
"","CACAROLA"
"","PINTO"
"","V.ALPILLES"
"","NATURELA"
"","PETIT PX"
"","SCEL O'FRA"
"","CHABERT"
"","KRISPROLL"
"","CRUDIPACK"
"","LA PASTILL"
"","PERE LABAT"
"","KWAK"
"","T.KARMELIT"
"","PAUL PREDA"
"","DREMMWEL"
"","SO'BIO ETI"
"","LA MENAGE"
"","TORK"
"","BOCAG.NORM"
"","CRUESLI"
"","ARDBEG"
"","ELWIN 5"
"","ROSEE DE L"
"","BANH TRANG"
"","WAGNER"
"","OTTOGI"
"","JAGERMEIST"
"","ROYAL UMBR"
"","J.MONTAGNE"
"","VULLI"
"","KANDOO"
"","BURTS"
"","AVEZE"
"","KIEFFER"
"","FRUCT.STYL"
"","DELFIN"
"","BAILLON"
"","BELLEROSE"
"","LE JONQUAY"
"","VAN"
"","WD40"
"","AIR D'ICI"
"","RUIZ"
"","DEDICACE"
"","SUNNY D"
"","G ET CIE"
"","ETCHEA"
"","BARRONGEUR"
"","ALGOFLASH"
"","ASTERIX"
"","KETTLE"
"","M.COCKTAIL"
"","DUYCK"
"","BJ"
"","DAURE"
"","COMPAL"
"","BARINSECTE"
"","ECOLAB"
"","LOGITECH"
"","LA MEMEE"
"","GASTRONOME"
"","BAUMALU"
"","SINGLETON"
"","ISIO OLIVE"
"","OLD LADY'S"
"","ALLURELLE"
"","S.DISCOUNT"
"","BASTIDES"
"","ROLLI"
"","CRAVENCO"
"","FROM.NEIGE"
"","RIVOIR&JAC"
"","MAHDIA"
"","TULLAMORE"
"","PAPERMATE"
"","SMARTIES"
"","ERISTOFF.B"
"","RANDY"
"","F.EL MOI"
"","MIROR"
"","BERINOIX"
"","NOXELLABER"
"","CABY"
"","BUCHINGER"
"","RABELAIS"
"","NORDIC COL"
"","J.BECKER"
"","GLEN GRANT"
"","DILMAH"
"","MAITRE SDM"
"","WATTANDCO"
"","SIMPSONS"
"","ABERFELDY"
"","C.VAILLANT"
"","ILLY"
"","CHINET"
"","ALPHATOP"
"","SOPALIN"
"","PREP."
"","KRONENB.PM"
"","BUDWEISER"
"","L'OREAL"
"","SULTANA"
"","BOWMORE"
"","CIDRE"
"","CARRE FRAI"
"","OLD VIRGIN"
"","PAT.KREMER"
"","MINI MIR"
"","CULTIMER"
"","MFP POULAI"
"","PLEIN FRUI"
"","M.SHOULDER"
"","GDJU EQUIT"
"","VETOCANIS"
"","LAGAVULIN"
"","S.PRESSOIR"
"","DE CASTELL"
"","100% COLOR"
"","VASCO"
"","KILBEGGAN"
"","FERNET BRA"
"","FDG EXCELL"
"","PAULANER"
"","ARMADIS"
"","MUL BIANCO"
"","STRATHISLA"
"","SURGERES"
"","CHUP.CHUPS"
"","DOM PERIGN"
"","WYNN S"
"","SUCRE ORGE"
"","CGMP"
"","OXO"
"","TAKIPACK"
"","DURACELL"
"","MIGNARDISE"
"","VIROJANGLO"
"","TIGEX"
"","CYRIL LIGN"
"","VIGOR"
"","RONDOPACK"
"","TONTARELLI"
"","MAISON VER"
"","O'CEDAR"
"","TOP BAG"
"","SPADO"
"","BARANNE"
"","BEBE CONF"
"","BRITA"
"","WISMER"
"","CHANTECLAI"
"","XLTECH"
"","GLOSS"
"","NOVASTYL"
