"AVENI","AVENI","1","ASP","","0.0","","1","LOG","AVENIR SERVICE SARL"
"L9916","L9916","1","IMPORT","","0.0","","1","LOG","CHAMPAGNE BARON FUENTE"
"SADIP","SADIP","1","ASP","","0.0","","1","LOG","SADIPRO"
"S9090","S9090","1","IMPORT","","0.0","","1","LOG","SOGEDIAL"
"S9099","S9099","1","IMPORT","","0.0","","1","LOG","SOGEDIAL CHINE"
"T1339","T1339","1","IMPORT","","0.0","","1","LOG","ANCEL TEST"
"00013","00013","1","IMPORT","","0.0","","1","LOG","SANCO"
"00026","00026","1","IMPORT","","0.0","","1","LOG","BORDEAUX TRADITION"
"00034","00034","1","ASP","","0.0","","1","LOG","PALLETTES"
"00075","00075","1","IMPORT","","0.0","","1","LOG","ABTEY PRODUCTION"
"00102","00102","1","IMPORT","","0.0","","1","LOG","SODABIX SCOR/E.AMPIGNY"
"00103","00103","1","IMPORT","","0.0","","1","LOG","BRABO FOOD DISTRIBUTION"
"00122","00122","1","IMPORT","","0.0","","1","LOG","SCOR AMPIGNY"
"00127","00127","1","IMPORT","","0.0","","1","LOG","CIE GATINAISE"
"00140","00140","1","IMPORT","","0.0","","1","LOG","ACTIVAL"
"00174","00174","1","IMPORT","","0.0","","1","LOG","HARRY'S FRANCE"
"00194","00194","1","IMPORT","","0.0","","1","LOG","LESIEUR EXPORTATION"
"00195","00195","1","IMPORT","","0.0","","1","LOG","KAMBLY FRANCE"
"00216","00216","1","ASP","","0.0","","1","LOG","SOMES CHANFLOR"
"00301","00301","1","IMPORT","","0.0","","1","LOG","LOTUS BAKERIES FRANCE SA"
"00592","00592","1","IMPORT","","0.0","","1","LOG","REGILAIT"
"00900","00900","1","IMPORT","","0.0","","1","LOG","HENKEL FRANCE SA"
"01001","01001","1","IMPORT","","0.0","","1","LOG","DS DISTRIBUTION"
"01003","01003","1","IMPORT","","0.0","","1","LOG","FNAC"
"01005","01005","1","IMPORT","","0.0","","1","LOG","INNELEC"
"01007","01007","1","IMPORT","","0.0","","1","LOG","MCI"
"01009","01009","1","IMPORT","","0.0","","1","LOG","UFP"
"01011","01011","1","IMPORT","","0.0","","1","LOG","OVEREDEN SAS"
"01013","01013","1","IMPORT","","0.0","","1","LOG","S.V.L AGENCE PICARD : JA"
"01015","01015","1","IMPORT","","0.0","","1","LOG","LA CARTERIE"
"01044","01044","1","IMPORT","","0.0","","1","LOG","RUGES EMBALLAGES S A R L"
"01068","01068","1","IMPORT","","0.0","","1","LOG","NN"
"01108","01108","1","IMPORT","","0.0","","1","LOG","AUGUST HARMS"
"01124","01124","1","IMPORT","","0.0","","1","LOG","AMORA"
"01128","01128","1","IMPORT","","0.0","","1","LOG","DELICARTA"
"01339","01339","1","IMPORT","","0.0","","1","LOG","DOCTEUR OTEKER ANCEL"
"01340","01340","1","IMPORT","","0.0","","1","LOG","ANDROS"
"01666","01666","1","IMPORT","","0.0","","1","LOG","MARIE DE LIVINHAC"
"01801","01801","1","IMPORT","","0.0","","1","LOG","RAMROS TRADING COMPANY SL"
"01879","01879","1","IMPORT","","0.0","","1","LOG","FRANCE CHAMPIGNONS"
"01951","01951","1","IMPORT","","0.0","","1","LOG","SAN CARLO"
"02047","02047","1","IMPORT","","0.0","","1","LOG","BOUREAU ALAIN : JARRY"
"02051","02051","1","IMPORT","","0.0","","1","LOG","LACTEL SNC"
"02056","02056","1","IMPORT","","0.0","","1","LOG","BIESTERFELD"
"02075","02075","1","IMPORT","","0.0","","1","LOG","CASERTA SNC"
"02092","02092","1","IMPORT","","0.0","","1","LOG","STIXI AG"
"02126","02126","1","IMPORT","","0.0","","1","LOG","ASTRA CALVE SA"
"02139","02139","1","IMPORT","","0.0","","1","LOG","SOFRIA S.A"
"02313","02313","1","IMPORT","","0.0","","1","LOG","COMECO"
"02330","02330","1","IMPORT","","0.0","","1","LOG","PICARD SA BISCOTTES AUGA"
"02377","02377","1","IMPORT","","0.0","","1","LOG","IBRES ET MARTIN"
"02400","02400","1","IMPORT","","0.0","","1","LOG","EUROCAP FRANCE"
"02500","02500","1","IMPORT","","0.0","","1","LOG","BCM COSMETIQUE"
"02544","02544","1","IMPORT","","0.0","","1","LOG","MAC CAIN SUNNYLAND"
"02550","02550","1","IMPORT","","0.0","","1","LOG","LABO EUROPE CREA COS"
"02681","02681","1","IMPORT","","0.0","","1","LOG","SCHWEITZER S.A"
"02779","02779","1","IMPORT","","0.0","","1","LOG","VALDUE SA"
"02900","02900","1","IMPORT","","0.0","","1","LOG","EUROP TRADING MARKET"
"02978","02978","1","IMPORT","","0.0","","1","LOG","GRM"
"02988","02988","1","IMPORT","","0.0","","1","LOG","BARDINET"
"03081","03081","1","IMPORT","","0.0","","1","LOG","BALSEN ST MICHEL"
"03098","03098","1","IMPORT","","0.0","","1","LOG","AVS CELLIERS VAL DE DURANCE"
"03175","03175","1","IMPORT","","0.0","","1","LOG","DELOUIS FILS SA"
"03194","03194","1","IMPORT","","0.0","","1","LOG","CIA DELLE SPEZIE FRANCE"
"03231","03231","1","IMPORT","","0.0","","1","LOG","MEDIASCORE FOODS"
"03363","03363","1","IMPORT","","0.0","","1","LOG","BARRAL PIERRE SA"
"03430","03430","1","IMPORT","","0.0","","1","LOG","LABOURE-ROI BOURGOGNE"
"03468","03468","1","IMPORT","","0.0","","1","LOG","GROBOST BISCUITSS SARL"
"03471","03471","1","IMPORT","","0.0","","1","LOG","BAVARIA FRANCE"
"03520","03520","1","IMPORT","","0.0","","1","LOG","SOCIETE JEAN FLOCH"
"03851","03851","1","IMPORT","","0.0","","1","LOG","LOR NOUGAT"
"03901","03901","1","IMPORT","","0.0","","1","LOG","MAP MARKETING AL"
"03930","03930","1","IMPORT","","0.0","","1","LOG","BASTE"
"03959","03959","1","IMPORT","","0.0","","1","LOG","GENERALE FARINE FRANCE"
"04027","04027","1","IMPORT","","0.0","","1","LOG","DUCROS  GUADELOUPE : Z I"
"04053","04053","1","IMPORT","","0.0","","1","LOG","PACK EMBAL"
"04073","04073","1","IMPORT","","0.0","","1","LOG","METS DE PROVENCE"
"04113","04113","1","IMPORT","","0.0","","1","LOG","CHRISTIAN POTIER"
"04119","04119","1","IMPORT","","0.0","","1","LOG","DODY PLAST"
"04220","04220","1","IMPORT","","0.0","","1","LOG","QUERCYNOISE"
"04367","04367","1","IMPORT","","0.0","","1","LOG","LA PULPE SA"
"04466","04466","1","IMPORT","","0.0","","1","LOG","COVI SOLOGNE PERIGOR SA"
"04527","04527","1","IMPORT","","0.0","","1","LOG","PROPACK FRANCE"
"04536","04536","1","IMPORT","","0.0","","1","LOG","PROVA S.A"
"04537","04537","1","IMPORT","","0.0","","1","LOG","SYNTHEDIS S.A"
"04724","04724","1","IMPORT","","0.0","","1","LOG","BESTFOODS FRANCE"
"04738","04738","1","IMPORT","","0.0","","1","LOG","NATURALIM FRANCE-MIEL SA"
"05023","05023","1","IMPORT","","0.0","","1","LOG","MEO"
"05038","05038","1","IMPORT","","0.0","","1","LOG","EUROP SNACKS S.A"
"05093","05093","1","IMPORT","","0.0","","1","LOG","AMPAFRANCE"
"05122","05122","1","IMPORT","","0.0","","1","LOG","TEREOS"
"05128","05128","1","IMPORT","","0.0","","1","LOG","CPR HAUTS MONROUGE"
"05157","05157","1","IMPORT","","0.0","","1","LOG","SOLUCO EUROPE"
"05185","05185","1","IMPORT","","0.0","","1","LOG","BERNAT"
"05262","05262","1","IMPORT","","0.0","","1","LOG","CONTINENTAL FOODS"
"05291","05291","1","IMPORT","","0.0","","1","LOG","ITALO SUISSE FRANCE"
"05305","05305","1","IMPORT","","0.0","","1","LOG","BOUCHARD L'ESCAUT"
"05505","05505","1","IMPORT","","0.0","","1","LOG","BALLANTINES SA"
"05506","05506","1","IMPORT","","0.0","","1","LOG","GARCIA CARRION ESPAGNE S.A"
"05694","05694","1","IMPORT","","0.0","","1","LOG","SKALLI FORTANT DE FRANCE"
"05772","05772","1","IMPORT","","0.0","","1","LOG","BALCONI DOLCIARA"
"05773","05773","1","IMPORT","","0.0","","1","LOG","BONOMI"
"05805","05805","1","IMPORT","","0.0","","1","LOG","COMPAGNIE DES SAVEURS"
"05826","05826","1","IMPORT","","0.0","","1","LOG","ROXANE NORD"
"05851","05851","1","IMPORT","","0.0","","1","LOG","BONBONS DE FRANCE"
"05897","05897","1","IMPORT","","0.0","","1","LOG","VITAMONT SA"
"06193","06193","1","IMPORT","","0.0","","1","LOG","FIMCO"
"06203","06203","1","IMPORT","","0.0","","1","LOG","NEPTUNE DISTRIBUTION SNC"
"06231","06231","1","IMPORT","","0.0","","1","LOG","PILLSBURY FRANCE/THUIT HEBERT"
"06277","06277","1","IMPORT","","0.0","","1","LOG","NUTRITIONET SANTE"
"06312","06312","1","IMPORT","","0.0","","1","LOG","PUBLI EMBAL SA"
"06434","06434","1","IMPORT","","0.0","","1","LOG","EURO PARTENAIRES SARL"
"06443","06443","1","IMPORT","","0.0","","1","LOG","RIVAZUR CAKES"
"06446","06446","1","IMPORT","","0.0","","1","LOG","KRITER BRUT DE BRUT SA"
"06566","06566","1","IMPORT","","0.0","","1","LOG","CONS LANGUEDOCIENNE"
"06611","06611","1","IMPORT","","0.0","","1","LOG","BEZIERS CONSERVES"
"06696","06696","1","IMPORT","","0.0","","1","LOG","MERE POULARD BICUITS"
"06718","06718","1","IMPORT","","0.0","","1","LOG","POULT BISCUITERIE"
"06726","06726","1","IMPORT","","0.0","","1","LOG","MEYER SANSBOEUF SA"
"06729","06729","1","IMPORT","","0.0","","1","LOG","CLEMENT SA"
"06771","06771","1","IMPORT","","0.0","","1","LOG","COLOR SA"
"07010","07010","1","IMPORT","","0.0","","1","LOG","LACTALIS DELIS"
"07112","07112","1","IMPORT","","0.0","","1","LOG","HBS"
"07145","07145","1","IMPORT","","0.0","","1","LOG","JASOL SA"
"07168","07168","1","IMPORT","","0.0","","1","LOG","SOUP IDEALE SA"
"07189","07189","1","IMPORT","","0.0","","1","LOG","COVI S.A"
"07310","07310","1","IMPORT","","0.0","","1","LOG","LAITERIE ST DENIS DE L'HOTEL"
"07343","07343","1","IMPORT","","0.0","","1","LOG","COROOS"
"07358","07358","1","IMPORT","","0.0","","1","LOG","BISCUITERIE NANTAISE"
"07360","07360","1","IMPORT","","0.0","","1","LOG","BISCUITERIE NANTAISE"
"07362","07362","1","IMPORT","","0.0","","1","LOG","BIC"
"07511","07511","1","IMPORT","","0.0","","1","LOG","CIE DETERGENTS SAVON MARSEILLE"
"07565","07565","1","IMPORT","","0.0","","1","LOG","DEOFLOR SPA"
"07572","07572","1","IMPORT","","0.0","","1","LOG","BISCUITS ST GEORGES"
"07597","07597","1","IMPORT","","0.0","","1","LOG","PERSONNA INTERNATIONAL"
"07634","07634","1","IMPORT","","0.0","","1","LOG","DAUCY CGC CONSERV MORBIHANNAIS"
"07742","07742","1","IMPORT","","0.0","","1","LOG","MOINET VICHY SANTE"
"07824","07824","1","IMPORT","","0.0","","1","LOG","ELLIPSE SARL"
"07903","07903","1","IMPORT","","0.0","","1","LOG","BROSSARD FRANCE"
"07929","07929","1","IMPORT","","0.0","","1","LOG","DOMAINES DE LISTEL S.A"
"07949","07949","1","IMPORT","","0.0","","1","LOG","ONTEX SARL"
"08062","08062","1","IMPORT","","0.0","","1","LOG","BLOCH POTALUX"
"08064","08064","1","IMPORT","","0.0","","1","LOG","SOMAPRO"
"08072","08072","1","IMPORT","","0.0","","1","LOG","MAITRE PRUNILLE"
"08175","08175","1","IMPORT","","0.0","","1","LOG","DUCAMP SA"
"08217","08217","1","IMPORT","","0.0","","1","LOG","SCEA ST MARTIN DE CARRIGU"
"08223","08223","1","IMPORT","","0.0","","1","LOG","CODIET S.A"
"08280","08280","1","IMPORT","","0.0","","1","LOG","LANSON INTERNATIONAL"
"08291","08291","1","IMPORT","","0.0","","1","LOG","EPI INTERNATIONAL"
"08339","08339","1","IMPORT","","0.0","","1","LOG","C.S.R"
"08348","08348","1","IMPORT","","0.0","","1","LOG","CASTEL FRERES THIAIS"
"08413","08413","1","IMPORT","","0.0","","1","LOG","BENOIT SNC"
"08420","08420","1","IMPORT","","0.0","","1","LOG","NAUTILUS FODD"
"08428","08428","1","IMPORT","","0.0","","1","LOG","ORAPI EUROPE"
"08440","08440","1","IMPORT","","0.0","","1","LOG","VIGNERONS BEAUMES DE VENISE"
"08468","08468","1","IMPORT","","0.0","","1","LOG","IAN GRUPO ALIMENTARO"
"08470","08470","1","IMPORT","","0.0","","1","LOG","RIMON ""APPRO CACI"""
"08476","08476","1","IMPORT","","0.0","","1","LOG","ALBAAD""CACI"""
"08527","08527","1","IMPORT","","0.0","","1","LOG","CAVES DE PROVENCE/U.C.M.E"
"08580","08580","1","IMPORT","","0.0","","1","LOG","CONSERVAS NAPAL"
"08624","08624","1","IMPORT","","0.0","","1","LOG","GEORGELIN CONFISERIE SA"
"08696","08696","1","IMPORT","","0.0","","1","LOG","LOMCO S.A"
"08753","08753","1","IMPORT","","0.0","","1","LOG","SAINT LOUIS SUCRE"
"08756","08756","1","IMPORT","","0.0","","1","LOG","BONDUELLE"
"08782","08782","1","IMPORT","","0.0","","1","LOG","PROCTER ET GAMBLE"
"08783","08783","1","IMPORT","","0.0","","1","LOG","BARADAT GILBERT SA"
"08969","08969","1","IMPORT","","0.0","","1","LOG","LUHNS"
"09040","09040","1","IMPORT","","0.0","","1","LOG","MAXISEC"
"09079","09079","1","IMPORT","","0.0","","1","LOG","RIEGELEIN FRANCE"
"09123","09123","1","IMPORT","","0.0","","1","LOG","BEYER"
"09208","09208","1","IMPORT","","0.0","","1","LOG","VIF SAGENT"
"09210","09210","1","IMPORT","","0.0","","1","LOG","AUGUSTE CHRISTOPHE"
"09213","09213","1","IMPORT","","0.0","","1","LOG","SOMODI MODERNE"
"09275","09275","1","IMPORT","","0.0","","1","LOG","WILLIAM SAURIN"
"09292","09292","1","IMPORT","","0.0","","1","LOG","TRIBALLAT NOYAL SA"
"09310","09310","1","IMPORT","","0.0","","1","LOG","PRODUITS JOCKS SA"
"09472","09472","1","IMPORT","","0.0","","1","LOG","ETS BOYER-JAUBERT SAR OC"
"09721","09721","1","IMPORT","","0.0","","1","LOG","VANDEPUTTE"
"09781","09781","1","IMPORT","","0.0","","1","LOG","COMEXO SA"
"09809","09809","1","IMPORT","","0.0","","1","LOG","TRUFFIERES RABASSE"
"09834","09834","1","IMPORT","","0.0","","1","LOG","ECOFRANCE SA"
"09891","09891","1","IMPORT","","0.0","","1","LOG","MAGNIEN"
"09892","09892","1","IMPORT","","0.0","","1","LOG","ALTHO"
"09952","09952","1","IMPORT","","0.0","","1","LOG","COTON LEM"
"10055","10055","1","ASP","","0.0","","1","LOG","ETS GEORGES DE NEGRI"
"10065","10065","1","IMPORT","","0.0","","1","LOG","SOJINAL"
"10101","10101","1","IMPORT","","0.0","","1","LOG","A.S.N FRANCE SARL"
"10118","10118","1","IMPORT","","0.0","","1","LOG","MONSANTO CANDEREL"
"10171","10171","1","IMPORT","","0.0","","1","LOG","RAYNAL & ROQUELAURE SAP"
"10236","10236","1","IMPORT","","0.0","","1","LOG","BOIN CONFITURES"
"10259","10259","1","IMPORT","","0.0","","1","LOG","CALISSONAIX"
"10356","10356","1","IMPORT","","0.0","","1","LOG","BORGES"
"10364","10364","1","IMPORT","","0.0","","1","LOG","GRUPO RIBEREBRO"
"10453","10453","1","IMPORT","","0.0","","1","LOG","ACDIS"
"10471","10471","1","IMPORT","","0.0","","1","LOG","FRUIVAL"
"10608","10608","1","IMPORT","","0.0","","1","LOG","CADBURY FRANCE"
"10766","10766","1","IMPORT","","0.0","","1","LOG","CEDO SA"
"10785","10785","1","IMPORT","","0.0","","1","LOG","HERMES EDULCORAN"
"10958","10958","1","IMPORT","","0.0","","1","LOG","PAILLARD TRIPES"
"10971","10971","1","IMPORT","","0.0","","1","LOG","ZAHOR FRANCE EXELLA SA CONFIS"
"10978","10978","1","IMPORT","","0.0","","1","LOG","KLAUS CHOCOLAT"
"11011","11011","1","IMPORT","","0.0","","1","LOG","SODIEM SARL"
"11061","11061","1","IMPORT","","0.0","","1","LOG","KORTMAN"
"11124","11124","1","IMPORT","","0.0","","1","LOG","DELECHENEAU JACKIE"
"11254","11254","1","IMPORT","","0.0","","1","LOG","POCO LOCO FRANCE SARL"
"11281","11281","1","IMPORT","","0.0","","1","LOG","PECH DE CLARY"
"11282","11282","1","IMPORT","","0.0","","1","LOG","GUETARA ""CACI"""
"11378","11378","1","IMPORT","","0.0","","1","LOG","BABY DELICE"
"11469","11469","1","IMPORT","","0.0","","1","LOG","PRADE PRODUCTION"
"11691","11691","1","IMPORT","","0.0","","1","LOG","PIGINO"
"11764","11764","1","IMPORT","","0.0","","1","LOG","ISABEL FRANCE"
"11913","11913","1","IMPORT","","0.0","","1","LOG","ELSE EX BUHLER FONTAINE"
"11954","11954","1","IMPORT","","0.0","","1","LOG","SOCORIZ SA"
"12095","12095","1","IMPORT","","0.0","","1","LOG","MAC ANI SA"
"12193","12193","1","IMPORT","","0.0","","1","LOG","ELYSEE COSMETIQUES"
"12214","12214","1","IMPORT","","0.0","","1","LOG","DELIFRUITS"
"12321","12321","1","IMPORT","","0.0","","1","LOG","VRANKEN POMMERY"
"12330","12330","1","IMPORT","","0.0","","1","LOG","PAUWELS SA"
"12348","12348","1","IMPORT","","0.0","","1","LOG","COVI PCA"
"12387","12387","1","IMPORT","","0.0","","1","LOG","KRUGER GMBH&CO KG"
"12416","12416","1","IMPORT","","0.0","","1","LOG","BONIQUET LABORATORIO SA"
"12419","12419","1","IMPORT","","0.0","","1","LOG","DIS. PAR SARL"
"12458","12458","1","IMPORT","","0.0","","1","LOG","IGIENICA STE NELLE"
"12508","12508","1","IMPORT","","0.0","","1","LOG","BIOFOURNIL"
"12530","12530","1","IMPORT","","0.0","","1","LOG","BONFILS DOMAINES SARL"
"12536","12536","1","IMPORT","","0.0","","1","LOG","FRIESLAND DAIRY FOOD"
"12553","12553","1","IMPORT","","0.0","","1","LOG","PRODUIT CIGOGNE(C/O CARPIQUET)"
"12593","12593","1","IMPORT","","0.0","","1","LOG","CEREALS GROUP"
"12681","12681","1","IMPORT","","0.0","","1","LOG","CHAGNOT GUY APICULTEUR S"
"12838","12838","1","IMPORT","","0.0","","1","LOG","ANDRESY"
"12911","12911","1","IMPORT","","0.0","","1","LOG","GUYAUX"
"12989","12989","1","IMPORT","","0.0","","1","LOG","SOCIETA ALIMENTARI CARMAGNOLES"
"13002","13002","1","IMPORT","","0.0","","1","LOG","MIELIFOS"
"13004","13004","1","IMPORT","","0.0","","1","LOG","PEETERS FRANCE"
"13040","13040","1","IMPORT","","0.0","","1","LOG","SCA HYGIENE DIVISION FLUF"
"13046","13046","1","IMPORT","","0.0","","1","LOG","ISCAR SUGAR B. V."
"13102","13102","1","IMPORT","","0.0","","1","LOG","FUSHIMA S.L."
"13148","13148","1","IMPORT","","0.0","","1","LOG","JACQUET PAINS"
"13327","13327","1","IMPORT","","0.0","","1","LOG","DESTAVEL SA"
"13333","13333","1","IMPORT","","0.0","","1","LOG","SABAROT WASSNER"
"13354","13354","1","IMPORT","","0.0","","1","LOG","CHAMPENOISE DES GRANDS V"
"13508","13508","1","IMPORT","","0.0","","1","LOG","MARCA CEYS INTERNATIONAL SL"
"13554","13554","1","IMPORT","","0.0","","1","LOG","SEVENDAY"
"13561","13561","1","IMPORT","","0.0","","1","LOG","PROD'HYGIA"
"13562","13562","1","IMPORT","","0.0","","1","LOG","EMIG SAS"
"13590","13590","1","IMPORT","","0.0","","1","LOG","CANTREAU"
"13593","13593","1","IMPORT","","0.0","","1","LOG","CAGEC SA CIE APICOLE"
"13595","13595","1","IMPORT","","0.0","","1","LOG","PREMIER BRAND'S FRANCE"
"13642","13642","1","IMPORT","","0.0","","1","LOG","DIPA SAS"
"13843","13843","1","IMPORT","","0.0","","1","LOG","METTLER PAPIER"
"13958","13958","1","IMPORT","","0.0","","1","LOG","BRABO FRANCE"
"13977","13977","1","IMPORT","","0.0","","1","LOG","CACOLAC"
"14028","14028","1","IMPORT","","0.0","","1","LOG","EUROPE COSMETIQUE"
"14068","14068","1","IMPORT","","0.0","","1","LOG","BONTOUT"
"14172","14172","1","IMPORT","","0.0","","1","LOG","PET FOOD PLUS"
"14280","14280","1","IMPORT","","0.0","","1","LOG","PHILIPS ECLAIRAGE"
"14303","14303","1","IMPORT","","0.0","","1","LOG","VAL DE VIRE CIDRERIE"
"14324","14324","1","IMPORT","","0.0","","1","LOG","TOUCAN VIGNES DU MONDE SARL"
"14387","14387","1","IMPORT","","0.0","","1","LOG","OLVAC DISTRIBUTION"
"14420","14420","1","IMPORT","","0.0","","1","LOG","SANODA JEYES"
"14454","14454","1","IMPORT","","0.0","","1","LOG","KAPA REYNOLDS SA"
"14475","14475","1","IMPORT","","0.0","","1","LOG","PASQUIER GIE"
"14489","14489","1","IMPORT","","0.0","","1","LOG","PAUL CHACUN PECHEUR DE F"
"14505","14505","1","IMPORT","","0.0","","1","LOG","OSPELT HERBERT DIVISION"
"14508","14508","1","IMPORT","","0.0","","1","LOG","OSPELT HERBERT"
"14864","14864","1","IMPORT","","0.0","","1","LOG","PATISSERIE GOURMANDE"
"14891","14891","1","IMPORT","","0.0","","1","LOG","CORBEILLE  (LA) NV/SA"
"15099","15099","1","IMPORT","","0.0","","1","LOG","MARTIN MARCEL"
"15177","15177","1","IMPORT","","0.0","","1","LOG","HAMLET N.V"
"15494","15494","1","IMPORT","","0.0","","1","LOG","IMPACT"
"15511","15511","1","IMPORT","","0.0","","1","LOG","JACOBY EMILE SARL"
"15580","15580","1","IMPORT","","0.0","","1","LOG","LA DURANCOLE SCA"
"15635","15635","1","IMPORT","","0.0","","1","LOG","T.T PLAST 62300 LENS"
"15688","15688","1","IMPORT","","0.0","","1","LOG","CAMPBELL FRANCE"
"15697","15697","1","IMPORT","","0.0","","1","LOG","SAEGB"
"15764","15764","1","IMPORT","","0.0","","1","LOG","LES MENUS DU MONDE"
"15779","15779","1","IMPORT","","0.0","","1","LOG","INPRALSA"
"15892","15892","1","IMPORT","","0.0","","1","LOG","SEGAFREDO ZANETTI"
"15909","15909","1","IMPORT","","0.0","","1","LOG","ZOBELE HOLDING"
"15995","15995","1","IMPORT","","0.0","","1","LOG","S.E.S.A"
"16048","16048","1","IMPORT","","0.0","","1","LOG","PLASTIBANA S A R L"
"16055","16055","1","IMPORT","","0.0","","1","LOG","NUTKAO S.R.L"
"16068","16068","1","IMPORT","","0.0","","1","LOG","VANIA EXPANSION"
"16104","16104","1","IMPORT","","0.0","","1","LOG","WILHEM REUSS GMBH & CO"
"16142","16142","1","IMPORT","","0.0","","1","LOG","CHANCERELLE"
"16224","16224","1","IMPORT","","0.0","","1","LOG","MOET HENNESSY"
"16281","16281","1","IMPORT","","0.0","","1","LOG","CHRIST SA"
"16376","16376","1","IMPORT","","0.0","","1","LOG","CARGILL   AOP"
"16413","16413","1","IMPORT","","0.0","","1","LOG","ALLIANCE BORDEAUX"
"16443","16443","1","IMPORT","","0.0","","1","LOG","ALPINA"
"16467","16467","1","IMPORT","","0.0","","1","LOG","DPF"
"16544","16544","1","IMPORT","","0.0","","1","LOG","CHARBONNEAUX BRABANT SA"
"16591","16591","1","IMPORT","","0.0","","1","LOG","CHANTIFRAIS"
"16779","16779","1","IMPORT","","0.0","","1","LOG","AZUREENNE DE CONFISERIE"
"16896","16896","1","IMPORT","","0.0","","1","LOG","MINERVE CONSERVERIE SA"
"16969","16969","1","IMPORT","","0.0","","1","LOG","SOUBRY JOSEPH S.A"
"17060","17060","1","IMPORT","","0.0","","1","LOG","CAPANELLE SARL"
"17202","17202","1","IMPORT","","0.0","","1","LOG","GAILLARD"
"17316","17316","1","IMPORT","","0.0","","1","LOG","CIRIO FRANCE"
"17706","17706","1","IMPORT","","0.0","","1","LOG","HEUDEBERT"
"17723","17723","1","IMPORT","","0.0","","1","LOG","FLAWA SA/P.A. R.F.EUROPE INTER"
"17724","17724","1","IMPORT","","0.0","","1","LOG","AR INDUSTRIE ALIMENTAIRE SPA"
"17735","17735","1","IMPORT","","0.0","","1","LOG","BARBIER ET CIE"
"17765","17765","1","IMPORT","","0.0","","1","LOG","LA BOULANGERE"
"17767","17767","1","IMPORT","","0.0","","1","LOG","LORENZ BAHLSEN  FRANCE"
"17793","17793","1","IMPORT","","0.0","","1","LOG","VIGNERONS MEDITERRANEE"
"17949","17949","1","IMPORT","","0.0","","1","LOG","CEREAL PARTNERS FRANCE"
"18006","18006","1","IMPORT","","0.0","","1","LOG","ROYAL J & C"
"18059","18059","1","IMPORT","","0.0","","1","LOG","NATURENVIE"
"18150","18150","1","IMPORT","","0.0","","1","LOG","KIESSLING KORPER"
"18163","18163","1","IMPORT","","0.0","","1","LOG","MONFRANCE SARL"
"18195","18195","1","IMPORT","","0.0","","1","LOG","IMKO GELRIA"
"18217","18217","1","IMPORT","","0.0","","1","LOG","DE KROES"
"18220","18220","1","IMPORT","","0.0","","1","LOG","DUC D'O CHOCOLATS"
"18225","18225","1","IMPORT","","0.0","","1","LOG","KINNERTON CONFECT"
"18266","18266","1","IMPORT","","0.0","","1","LOG","BRUGGEN"
"18268","18268","1","IMPORT","","0.0","","1","LOG","MERISSANT"
"18275","18275","1","IMPORT","","0.0","","1","LOG","S P C H"
"18308","18308","1","IMPORT","","0.0","","1","LOG","NICOLS FRANCE SARL"
"18378","18378","1","IMPORT","","0.0","","1","LOG","P.A.N.D.A. SA"
"18384","18384","1","IMPORT","","0.0","","1","LOG","ECUTRADE SA"
"18431","18431","1","IMPORT","","0.0","","1","LOG","SOPAFI S.A"
"18478","18478","1","IMPORT","","0.0","","1","LOG","MENKEN"
"18504","18504","1","IMPORT","","0.0","","1","LOG","NORMANDISE SA"
"18523","18523","1","IMPORT","","0.0","","1","LOG","THE JORDANS & RYVITA"
"18537","18537","1","IMPORT","","0.0","","1","LOG","NICE PAK"
"18547","18547","1","IMPORT","","0.0","","1","LOG","ATM    S A"
"18549","18549","1","IMPORT","","0.0","","1","LOG","FRINSA DEL NOROESTE"
"18568","18568","1","IMPORT","","0.0","","1","LOG","BROCHENIN JULES SA"
"18597","18597","1","IMPORT","","0.0","","1","LOG","ARTENAY AGRO DEVELOPPEMENT"
"18699","18699","1","IMPORT","","0.0","","1","LOG","COSTA SAL"
"18715","18715","1","IMPORT","","0.0","","1","LOG","LAS SRL"
"18762","18762","1","IMPORT","","0.0","","1","LOG","KELSEN"
"18763","18763","1","IMPORT","","0.0","","1","LOG","FETE LATINE"
"18785","18785","1","IMPORT","","0.0","","1","LOG","BON BON BUDDIES"
"18820","18820","1","IMPORT","","0.0","","1","LOG","CORNU FONTAIN"
"18835","18835","1","IMPORT","","0.0","","1","LOG","SOMACO"
"18862","18862","1","IMPORT","","0.0","","1","LOG","HOCHWALD"
"18866","18866","1","IMPORT","","0.0","","1","LOG","GBC JACQUET SEC"
"18944","18944","1","IMPORT","","0.0","","1","LOG","RALSTON ENERGY FRANCE"
"18949","18949","1","IMPORT","","0.0","","1","LOG","CAMPINA"
"18964","18964","1","IMPORT","","0.0","","1","LOG","LEGAL LEGOUT (LEPORQ ET"
"19000","19000","1","IMPORT","","0.0","","1","LOG","PRINSEN BV"
"19073","19073","1","IMPORT","","0.0","","1","LOG","SAVONNERIES BERNARD"
"19095","19095","1","IMPORT","","0.0","","1","LOG","LEMOINE SA"
"19100","19100","1","IMPORT","","0.0","","1","LOG","LARNAUDIE JEAN"
"19127","19127","1","IMPORT","","0.0","","1","LOG","ROUTIN SA"
"19144","19144","1","IMPORT","","0.0","","1","LOG","SODIAL NOUY"
"19152","19152","1","IMPORT","","0.0","","1","LOG","SOMAF"
"19243","19243","1","IMPORT","","0.0","","1","LOG","FAVRICHON ET VIGNON"
"19279","19279","1","IMPORT","","0.0","","1","LOG","ANNUNZIATA FRANCE"
"19390","19390","1","IMPORT","","0.0","","1","LOG","PRINCES FOODS BV"
"19402","19402","1","IMPORT","","0.0","","1","LOG","GIAGUARO SPA"
"19451","19451","1","IMPORT","","0.0","","1","LOG","WITOR'S NUOVA BISCUIT"
"19553","19553","1","IMPORT","","0.0","","1","LOG","RIPENSA/AS"
"19583","19583","1","IMPORT","","0.0","","1","LOG","COLGATE EXPORT CONDITION"
"19593","19593","1","IMPORT","","0.0","","1","LOG","CONTINENTALE NUTRITION"
"19737","19737","1","IMPORT","","0.0","","1","LOG","RECKITT BENCKISER"
"19755","19755","1","ASP","","0.0","","1","LOG","FRANCE EUROPE SURGELES SA"
"19847","19847","1","IMPORT","","0.0","","1","LOG","COSMETOLOG"
"19888","19888","1","IMPORT","","0.0","","1","LOG","ODENWALD KONSERVEN GMBH"
"19966","19966","1","IMPORT","","0.0","","1","LOG","LINDT"
"19988","19988","1","IMPORT","","0.0","","1","LOG","NOVAMEX SA"
"20004","20004","1","IMPORT","","0.0","","1","LOG","LU FRANCE"
"20021","20021","1","IMPORT","","0.0","","1","LOG","MASTER FOODS"
"20045","20045","1","IMPORT","","0.0","","1","LOG","CURTI SRL"
"20052","20052","1","IMPORT","","0.0","","1","LOG","ACEITUNAS GUADALQUIVIR"
"20081","20081","1","IMPORT","","0.0","","1","LOG","AROVIT PETFOOD FRANCE"
"20084","20084","1","IMPORT","","0.0","","1","LOG","WOLF"
"20090","20090","1","ASP","","0.0","","1","LOG","C.R.A.F"
"20156","20156","1","ASP","","0.0","","1","LOG","G.M.A"
"20163","20163","1","ASP","","0.0","","1","LOG","FORTIPHARM"
"20192","20192","1","IMPORT","","0.0","","1","LOG","VALADE SA CORREZES"
"20224","20224","1","IMPORT","","0.0","","1","LOG","CODIPEX"
"20284","20284","1","IMPORT","","0.0","","1","LOG","ROCKLINE INDUSTRIES"
"20341","20341","1","IMPORT","","0.0","","1","LOG","FOURN.DIVERS MARCHANDISES"
"20344","20344","1","IMPORT","","0.0","","1","LOG","CHOCOLATERIE DU COTENTIN"
"20459","20459","1","IMPORT","","0.0","","1","LOG","POZINI  SPA"
"20483","20483","1","IMPORT","","0.0","","1","LOG","COMOLIVE"
"20503","20503","1","IMPORT","","0.0","","1","LOG","COATHALEM BISCUITERIE"
"20568","20568","1","IMPORT","","0.0","","1","LOG","CERECO SARL"
"20603","20603","1","IMPORT","","0.0","","1","LOG","UNIDIS SA"
"20703","20703","1","IMPORT","","0.0","","1","LOG","EUROPEENNE EMBOUTEILLAGE SNC"
"20796","20796","1","IMPORT","","0.0","","1","LOG","MENGUY'S"
"20805","20805","1","ASP","","0.0","","1","LOG","SODAF SARL"
"20810","20810","1","ASP","","0.0","","1","LOG","SOPROCA SARL"
"20828","20828","1","ASP","","0.0","","1","LOG","HO HIO HEN"
"20855","20855","1","IMPORT","","0.0","","1","LOG","CFED"
"20883","20883","1","IMPORT","","0.0","","1","LOG","CFGV CIE FRANCAISE DES GRANDS"
"21014","21014","1","IMPORT","","0.0","","1","LOG","UNILEVER INTERNATIONAL P"
"21174","21174","1","IMPORT","","0.0","","1","LOG","VICTOR FAUCONNIER"
"21785","21785","1","IMPORT","","0.0","","1","LOG","DURAND"
"21889","21889","1","IMPORT","","0.0","","1","LOG","C.P.C.E."
"22142","22142","1","IMPORT","","0.0","","1","LOG","GAZZOLA"
"22499","22499","1","IMPORT","","0.0","","1","LOG","PROBLANC"
"22536","22536","1","IMPORT","","0.0","","1","LOG","WINDEL FRANCE SARL"
"22597","22597","1","IMPORT","","0.0","","1","LOG","LINPAC DISRIBUTION"
"22614","22614","1","IMPORT","","0.0","","1","LOG","WEPA"
"22838","22838","1","IMPORT","","0.0","","1","LOG","FRUITE SA VERGERS DE SAVOIE"
"22907","22907","1","IMPORT","","0.0","","1","LOG","NOUGAT CHABERT & GUILLOT"
"23013","23013","1","IMPORT","","0.0","","1","LOG","WACHTER S.A"
"23220","23220","1","IMPORT","","0.0","","1","LOG","ROY RENE"
"23256","23256","1","IMPORT","","0.0","","1","LOG","ROHAN"
"23276","23276","1","IMPORT","","0.0","","1","LOG","FREDERIC CHOCOLATS"
"23363","23363","1","IMPORT","","0.0","","1","LOG","DEUTSCHE EXTRAKT"
"23386","23386","1","IMPORT","","0.0","","1","LOG","CHARLES ET ALICE"
"23446","23446","1","IMPORT","","0.0","","1","LOG","BOUVART BISCUITS"
"23466","23466","1","IMPORT","","0.0","","1","LOG","HEIMBURGER"
"23510","23510","1","IMPORT","","0.0","","1","LOG","RICHARD ALPINA"
"23566","23566","1","IMPORT","","0.0","","1","LOG","TRESCARTE ETS SARL"
"23788","23788","1","IMPORT","","0.0","","1","LOG","DELPEYRAT SA"
"23795","23795","1","IMPORT","","0.0","","1","LOG","LA DORIA SPA"
"23815","23815","1","IMPORT","","0.0","","1","LOG","LES VERGERS D'ALSACE"
"23816","23816","1","IMPORT","","0.0","","1","LOG","VITAL VITROLLES ALIMENTION"
"23847","23847","1","IMPORT","","0.0","","1","LOG","YPLON"
"23893","23893","1","IMPORT","","0.0","","1","LOG","TROPICANA LOOZA"
"24144","24144","1","IMPORT","","0.0","","1","LOG","GOLDEN FOOD"
"24146","24146","1","IMPORT","","0.0","","1","LOG","KENTAUR"
"24147","24147","1","IMPORT","","0.0","","1","LOG","FORA FOLIENFABRIK"
"24484","24484","1","IMPORT","","0.0","","1","LOG","CONSERVES DE PROVENCE"
"24718","24718","1","IMPORT","","0.0","","1","LOG","GROUPEMENT COMMERC DU BISCUIT"
"24762","24762","1","IMPORT","","0.0","","1","LOG","HAUST BV"
"24794","24794","1","IMPORT","","0.0","","1","LOG","VALEURDIS SA"
"24804","24804","1","IMPORT","","0.0","","1","LOG","INTERGARDEN"
"24904","24904","1","IMPORT","","0.0","","1","LOG","UNISOURCE"
"24908","24908","1","IMPORT","","0.0","","1","LOG","VITAVIE SARL"
"25079","25079","1","IMPORT","","0.0","","1","LOG","ORANGINA SCHWEPPES"
"25397","25397","1","IMPORT","","0.0","","1","LOG","EAU ECARLATE"
"25791","25791","1","IMPORT","","0.0","","1","LOG","CHAMPI JANDOU"
"25816","25816","1","IMPORT","","0.0","","1","LOG","CANDIA"
"26309","26309","1","IMPORT","","0.0","","1","LOG","VALFLEURI S.ATION"
"26584","26584","1","IMPORT","","0.0","","1","LOG","SOUFFLET  VALENCIENNES"
"26741","26741","1","IMPORT","","0.0","","1","LOG","PRODESSSIONAL FRANCE"
"27043","27043","1","IMPORT","","0.0","","1","LOG","LANGE"
"27178","27178","1","IMPORT","","0.0","","1","LOG","DISTRIBORG FRANCE"
"27375","27375","1","IMPORT","","0.0","","1","LOG","DOLIS"
"27411","27411","1","IMPORT","","0.0","","1","LOG","CONTINENTAL BISCUITS SA"
"27458","27458","1","IMPORT","","0.0","","1","LOG","CARREFOUR IMPORT SAS NONAL"
"27472","27472","1","IMPORT","","0.0","","1","LOG","SARA LEE COFFEE & TEA FRANCE"
"28131","28131","1","IMPORT","","0.0","","1","LOG","CHEVAL QUANCARD"
"28229","28229","1","IMPORT","","0.0","","1","LOG","DUBOIS BISCUITS"
"28231","28231","1","IMPORT","","0.0","","1","LOG","FERRERO FR ANCE"
"28233","28233","1","IMPORT","","0.0","","1","LOG","HUILERIES P.DUMORTIER FR"
"28271","28271","1","IMPORT","","0.0","","1","LOG","DUPONT D'ISIGNY"
"28356","28356","1","IMPORT","","0.0","","1","LOG","RIVOIRE ET CARRET 1ER PR"
"28358","28358","1","IMPORT","","0.0","","1","LOG","ESCO FRANCE"
"28389","28389","1","IMPORT","","0.0","","1","LOG","CHATEAUX EN BORDEAUX"
"28397","28397","1","IMPORT","","0.0","","1","LOG","MATERNE SAS"
"28830","28830","1","IMPORT","","0.0","","1","LOG","DVK DEEM SA"
"28854","28854","1","IMPORT","","0.0","","1","LOG","PRODIM"
"29112","29112","1","IMPORT","","0.0","","1","LOG","LIMELCO NV"
"29306","29306","1","IMPORT","","0.0","","1","LOG","SOCOVINS SA"
"29380","29380","1","IMPORT","","0.0","","1","LOG","ECKES GRANINI FRANCE"
"29604","29604","1","IMPORT","","0.0","","1","LOG","DELICES DE LA MER"
"29819","29819","1","IMPORT","","0.0","","1","LOG","A TEX"
"29863","29863","1","IMPORT","","0.0","","1","LOG","REITZEL BRIAND SAS"
"30072","30072","1","IMPORT","","0.0","","1","LOG","FAISSOLE BISCOTTE"
"30142","30142","1","IMPORT","","0.0","","1","LOG","GUYLIAN CHOCOLATS"
"30242","30242","1","IMPORT","","0.0","","1","LOG","CAVES DE YUTZ SARL"
"30455","30455","1","IMPORT","","0.0","","1","LOG","FIPPI SPA"
"30470","30470","1","IMPORT","","0.0","","1","LOG","WEPA TROYES SAS"
"30683","30683","1","IMPORT","","0.0","","1","LOG","VEUVE AMBAL"
"30958","30958","1","IMPORT","","0.0","","1","LOG","MATERNA SA"
"31048","31048","1","IMPORT","","0.0","","1","LOG","CAT HAUT VIVARAI"
"31263","31263","1","IMPORT","","0.0","","1","LOG","CHAMPION ARDRES BIS FRANCE"
"31363","31363","1","IMPORT","","0.0","","1","LOG","LE NIGEN N INDUSTRIE SA"
"31452","31452","1","IMPORT","","0.0","","1","LOG","EXCELLA S.A CAFES"
"31463","31463","1","IMPORT","","0.0","","1","LOG","EVIAN C/O SOGEDIAL"
"31508","31508","1","IMPORT","","0.0","","1","LOG","EUROPEENNE DE CONDIMENT"
"31581","31581","1","IMPORT","","0.0","","1","LOG","ETS FAUGIER CLEMENT"
"31683","31683","1","IMPORT","","0.0","","1","LOG","LA COMPAGNIE DU BISCUIT SA"
"31705","31705","1","IMPORT","","0.0","","1","LOG","TL FOOD"
"31762","31762","1","IMPORT","","0.0","","1","LOG","SALINES DE GUERANDE SA"
"32290","32290","1","IMPORT","","0.0","","1","LOG","GENERAL AR"
"32314","32314","1","IMPORT","","0.0","","1","LOG","ALPLAST"
"32447","32447","1","IMPORT","","0.0","","1","LOG","FERRIGNO FILS"
"32528","32528","1","IMPORT","","0.0","","1","LOG","SURAL SACICC"
"32539","32539","1","IMPORT","","0.0","","1","LOG","FERICO SA"
"32703","32703","1","IMPORT","","0.0","","1","LOG","CAVE VINICOLE DE RIB"
"32787","32787","1","IMPORT","","0.0","","1","LOG","POPPIES BISCUITERIE INTERN NV"
"33106","33106","1","IMPORT","","0.0","","1","LOG","FIZZY SARL"
"33239","33239","1","IMPORT","","0.0","","1","LOG","SA FLODOR"
"33379","33379","1","IMPORT","","0.0","","1","LOG","COVINOR"
"33519","33519","1","IMPORT","","0.0","","1","LOG","FORCHY PATISSIER SA"
"33704","33704","1","IMPORT","","0.0","","1","LOG","COBRECO"
"34162","34162","1","IMPORT","","0.0","","1","LOG","CACI IMPORT"
"34222","34222","1","IMPORT","","0.0","","1","LOG","FRUCTA PARTNER GROUP"
"34368","34368","1","IMPORT","","0.0","","1","LOG","KISBY"
"34423","34423","1","IMPORT","","0.0","","1","LOG","VARTA"
"34473","34473","1","IMPORT","","0.0","","1","LOG","SATURN (APPRO LOGIDIS)"
"34677","34677","1","IMPORT","","0.0","","1","LOG","FRANCE FARINE"
"34769","34769","1","IMPORT","","0.0","","1","LOG","SOCAV SA"
"35013","35013","1","IMPORT","","0.0","","1","LOG","BISCUITS LACYDON SARL"
"35147","35147","1","IMPORT","","0.0","","1","LOG","OLIBET BISCUITS"
"35242","35242","1","IMPORT","","0.0","","1","LOG","BUR ERIC"
"35308","35308","1","IMPORT","","0.0","","1","LOG","PAGES"
"35387","35387","1","IMPORT","","0.0","","1","LOG","EPICES FUCHS"
"35692","35692","1","IMPORT","","0.0","","1","LOG","G A M  (ART CUISINE)"
"35744","35744","1","IMPORT","","0.0","","1","LOG","RIGAL ET FILS SA"
"35939","35939","1","IMPORT","","0.0","","1","LOG","DAILYCER SA"
"35995","35995","1","IMPORT","","0.0","","1","LOG","3.P FRANCE"
"36343","36343","1","IMPORT","","0.0","","1","LOG","CONFISERIE DU TE"
"36447","36447","1","IMPORT","","0.0","","1","LOG","C.G.C  PENNY A ST THURIEN"
"36708","36708","1","IMPORT","","0.0","","1","LOG","VIGNERONS DU SUD OUEST"
"36720","36720","1","IMPORT","","0.0","","1","LOG","RIVIERE"
"37068","37068","1","IMPORT","","0.0","","1","LOG","SOVEX GRANDS CHATEAUX"
"37200","37200","1","IMPORT","","0.0","","1","LOG","C.G.C U.F.M A LOCMINE"
"37233","37233","1","IMPORT","","0.0","","1","LOG","ST OMER BRASSERIE"
"37304","37304","1","IMPORT","","0.0","","1","LOG","GENDREAU"
"3768","3768","1","IMPORT","","0.0","","1","LOG","GROBOST BISCUITS SARL"
"37966","37966","1","IMPORT","","0.0","","1","LOG","CODEFA"
"38618","38618","1","IMPORT","","0.0","","1","LOG","DESPINOY"
"38629","38629","1","IMPORT","","0.0","","1","LOG","SALLES FRERES SA"
"38704","38704","1","IMPORT","","0.0","","1","LOG","BARON DE ROTHSCHILD FRANCE"
"38806","38806","1","IMPORT","","0.0","","1","LOG","BOHELI"
"39570","39570","1","IMPORT","","0.0","","1","LOG","SMDA"
"39610","39610","1","IMPORT","","0.0","","1","LOG","VITHERM"
"39644","39644","1","IMPORT","","0.0","","1","LOG","GRATIEN MEYER SEYDOU"
"39664","39664","1","IMPORT","","0.0","","1","LOG","GRATIEN MEYER SEYDOU"
"39678","39678","1","IMPORT","","0.0","","1","LOG","SEALED AIR CRYOVAC"
"39764","39764","1","IMPORT","","0.0","","1","LOG","GRAND MOULIN DE PARIS"
"40036","40036","1","IMPORT","","0.0","","1","LOG","BEIERSDORF S.A"
"40427","40427","1","IMPORT","","0.0","","1","LOG","ALBATROS SA"
"41057","41057","1","IMPORT","","0.0","","1","LOG","SALAISONS DU JET"
"41179","41179","1","IMPORT","","0.0","","1","LOG","FAMAR LABORATOIRE"
"41237","41237","1","IMPORT","","0.0","","1","LOG","AUZIER-CHABERNAC"
"41274","41274","1","IMPORT","","0.0","","1","LOG","SODIPAN GEORGIA (SCA HYGIENE)"
"41316","41316","1","IMPORT","","0.0","","1","LOG","ROZEMBLIT"
"42242","42242","1","IMPORT","","0.0","","1","LOG","KUCHENMEISTER"
"42681","42681","1","IMPORT","","0.0","","1","LOG","HENAFF"
"42806","42806","1","IMPORT","","0.0","","1","LOG","SPEL"
"42847","42847","1","IMPORT","","0.0","","1","LOG","HEINZ H.J COMPANY SARL"
"42857","42857","1","IMPORT","","0.0","","1","LOG","TOLSA"
"42863","42863","1","IMPORT","","0.0","","1","LOG","HEINEKEN"
"43645","43645","1","IMPORT","","0.0","","1","LOG","LINDER FRANCE"
"43652","43652","1","IMPORT","","0.0","","1","LOG","REXNOV"
"44530","44530","1","IMPORT","","0.0","","1","LOG","PIETERCIL INTERCO"
"44852","44852","1","IMPORT","","0.0","","1","LOG","JACQUOT"
"45164","45164","1","IMPORT","","0.0","","1","LOG","LES JARDINS ST E"
"46285","46285","1","IMPORT","","0.0","","1","LOG","DELTA PLUS"
"46786","46786","1","IMPORT","","0.0","","1","LOG","WAVIN EMBALLAGES"
"47014","47014","1","IMPORT","","0.0","","1","LOG","KELLOGS FRANCE"
"47450","47450","1","IMPORT","","0.0","","1","LOG","KRAFT SUCHARD"
"47453","47453","1","IMPORT","","0.0","","1","LOG","KRONEMBOUR"
"47584","47584","1","IMPORT","","0.0","","1","LOG","LARZUL"
"47663","47663","1","IMPORT","","0.0","","1","LOG","BISCUITERIE DE L'ABBAYE"
"47936","47936","1","IMPORT","","0.0","","1","LOG","C.C.L.F"
"47943","47943","1","IMPORT","","0.0","","1","LOG","CELIA"
"47959","47959","1","IMPORT","","0.0","","1","LOG","METZ ARTHUR"
"48078","48078","1","IMPORT","","0.0","","1","LOG","ABEILLE"
"48088","48088","1","IMPORT","","0.0","","1","LOG","LEAF FRANCE"
"50790","50790","1","IMPORT","","0.0","","1","LOG","LEJAY LAGOUTE"
"50877","50877","1","IMPORT","","0.0","","1","LOG","INTERNATIONAL PAPER"
"51227","51227","1","IMPORT","","0.0","","1","LOG","SPADO SA"
"51357","51357","1","IMPORT","","0.0","","1","LOG","PIETARCIL FRANCE SARL"
"51377","51377","1","IMPORT","","0.0","","1","LOG","DALLI FRANCE"
"51450","51450","1","IMPORT","","0.0","","1","LOG","NESTLE NEDERLAND B.V"
"51545","51545","1","IMPORT","","0.0","","1","LOG","LOC MARIA SA"
"51593","51593","1","IMPORT","","0.0","","1","LOG","PASTACORP"
"51619","51619","1","IMPORT","","0.0","","1","LOG","DELPIERRE MER TRADITION"
"51635","51635","1","IMPORT","","0.0","","1","LOG","RE.LE.VI SPA"
"51660","51660","1","IMPORT","","0.0","","1","LOG","OROMAS FRANCE"
"51698","51698","1","IMPORT","","0.0","","1","LOG","BERGERAC CONSERVERIE SA"
"51712","51712","1","IMPORT","","0.0","","1","LOG","LIGHTBODY EUROPEC"
"51892","51892","1","IMPORT","","0.0","","1","LOG","A.M.H. LABO SAS"
"51908","51908","1","IMPORT","","0.0","","1","LOG","NUTRIMAINE"
"52022","52022","1","IMPORT","","0.0","","1","LOG","TRAOU MAD"
"52181","52181","1","IMPORT","","0.0","","1","LOG","LAMBERTZ HENRY GMBH"
"52202","52202","1","IMPORT","","0.0","","1","LOG","IBERFRUITA MUERZA SA"
"52225","52225","1","IMPORT","","0.0","","1","LOG","RABOSTOCK"
"53069","53069","1","IMPORT","","0.0","","1","LOG","QUICKPACK HAUSHALT & HYGIENE"
"55071","55071","1","IMPORT","","0.0","","1","LOG","LOR(BISCUIT/CONFISERIE)"
"55809","55809","1","IMPORT","","0.0","","1","LOG","VSR"
"55836","55836","1","IMPORT","","0.0","","1","LOG","MARNIER LAPOSTOLLE"
"55862","55862","1","IMPORT","","0.0","","1","LOG","MATHEZ CHOCOLATS"
"55890","55890","1","IMPORT","","0.0","","1","LOG","MAPA GRAND PUBLIC"
"55895","55895","1","IMPORT","","0.0","","1","LOG","BACARDI-MARTINI"
"55985","55985","1","IMPORT","","0.0","","1","LOG","MARS"
"55986","55986","1","IMPORT","","0.0","","1","LOG","MARTIN"
"59719","59719","1","IMPORT","","0.0","","1","LOG","ALBERT MENES"
"59794","59794","1","IMPORT","","0.0","","1","LOG","MELITTA"
"59956","59956","1","IMPORT","","0.0","","1","LOG","MENISSEZ"
"60116","60116","1","IMPORT","","0.0","","1","LOG","COSMEWAX SA"
"60155","60155","1","IMPORT","","0.0","","1","LOG","JACOBSEN BAKERY"
"60168","60168","1","IMPORT","","0.0","","1","LOG","EURO WIPES"
"60270","60270","1","IMPORT","","0.0","","1","LOG","DELIPAPIER"
"60957","60957","1","IMPORT","","0.0","","1","LOG","EURO AGRO FOODS"
"60974","60974","1","IMPORT","","0.0","","1","LOG","MADELEINE BIJOUX"
"60983","60983","1","IMPORT","","0.0","","1","LOG","MICHAUD FAMILLE"
"61009","61009","1","IMPORT","","0.0","","1","LOG","SALINS DU MIDI"
"61049","61049","1","IMPORT","","0.0","","1","LOG","ALIZOL SAS"
"61149","61149","1","IMPORT","","0.0","","1","LOG","FIDELE SAS"
"61221","61221","1","IMPORT","","0.0","","1","LOG","MINIGRIP"
"61254","61254","1","IMPORT","","0.0","","1","LOG","SNACK PARTNERS GMBH"
"61420","61420","1","IMPORT","","0.0","","1","LOG","MOLISANE INDUSTRIE"
"61495","61495","1","IMPORT","","0.0","","1","LOG","FIRMA ROLESKI"
"61547","61547","1","IMPORT","","0.0","","1","LOG","VINAIGRERIE CARVIN"
"61552","61552","1","IMPORT","","0.0","","1","LOG","ALICORNE"
"61589","61589","1","IMPORT","","0.0","","1","LOG","CIP ASSORBENTI"
"61597","61597","1","IMPORT","","0.0","","1","LOG","PROLEA"
"61846","61846","1","IMPORT","","0.0","","1","LOG","MOBIL OIL FRANCAISE"
"61847","61847","1","IMPORT","","0.0","","1","LOG","LES JARDINS DE L'ORBRIE SARL"
"61947","61947","1","IMPORT","","0.0","","1","LOG","NOVACARE / MOUGEOT PAPETERIE"
"62057","62057","1","IMPORT","","0.0","","1","LOG","ST MICHEL BISCUIT"
"62926","62926","1","IMPORT","","0.0","","1","LOG","MELI & MELAPI"
"63049","63049","1","IMPORT","","0.0","","1","LOG","SAVON DE L'ATLANTIQUE SAS"
"63051","63051","1","IMPORT","","0.0","","1","LOG","PEZZULO MOLINI PASTIFICI"
"63132","63132","1","IMPORT","","0.0","","1","LOG","ANCEL CAMACHO"
"63485","63485","1","IMPORT","","0.0","","1","LOG","DUOPOLE"
"63559","63559","1","IMPORT","","0.0","","1","LOG","DANLIND SA"
"64620","64620","1","IMPORT","","0.0","","1","LOG","VICO"
"64915","64915","1","IMPORT","","0.0","","1","LOG","SPONTEX S N C"
"65419","65419","1","IMPORT","","0.0","","1","LOG","BOYLE FRANCE"
"65824","65824","1","IMPORT","","0.0","","1","LOG","OUTSI SARL"
"66022","66022","1","IMPORT","","0.0","","1","LOG","PANZANI"
"66027","66027","1","IMPORT","","0.0","","1","LOG","PATRELLE"
"66029","66029","1","IMPORT","","0.0","","1","LOG","PATRIARCHE"
"66030","66030","1","IMPORT","","0.0","","1","LOG","PAULET PAUL"
"66206","66206","1","IMPORT","","0.0","","1","LOG","PANIER TANGUY"
"66374","66374","1","IMPORT","","0.0","","1","LOG","PATIN"
"67456","67456","1","IMPORT","","0.0","","1","LOG","PERNOD S.A"
"67457","67457","1","IMPORT","","0.0","","1","LOG","UNISABI"
"67475","67475","1","IMPORT","","0.0","","1","LOG","PERRIER-VITTEL-CONTREX"
"68020","68020","1","IMPORT","","0.0","","1","LOG","MR COOKES KITCHEN"
"68335","68335","1","IMPORT","","0.0","","1","LOG","SIPA INTERNATIONAL"
"69516","69516","1","IMPORT","","0.0","","1","LOG","PINTAUD SARL"
"70705","70705","1","IMPORT","","0.0","","1","LOG","PEPSICO FRANCE DIVIS SALES"
"71713","71713","1","IMPORT","","0.0","","1","LOG","MAISON JOHANES BOUBEE SAS"
"71744","71744","1","IMPORT","","0.0","","1","LOG","LOGIDIS CARPIQUET"
"71745","71745","1","IMPORT","","0.0","","1","LOG","LOGIDIS THUIT HEBERT"
"72045","72045","1","IMPORT","","0.0","","1","LOG","MEDITERRANEA PRODUCTOS"
"72105","72105","1","IMPORT","","0.0","","1","LOG","LOGIDIS C/O SOGEDIAL"
"72106","72106","1","IMPORT","","0.0","","1","LOG","LOGIDIS LUNEVILLE CSF"
"72139","72139","1","IMPORT","","0.0","","1","LOG","BISQUIVA"
"72196","72196","1","IMPORT","","0.0","","1","LOG","NOVA SOURCES"
"72200","72200","1","IMPORT","","0.0","","1","LOG","INCASA INDUSTRIAS CATALA"
"72530","72530","1","IMPORT","","0.0","","1","LOG","FRISKIES FRANCE"
"72573","72573","1","IMPORT","","0.0","","1","LOG","ETS QUINSON"
"74042","74042","1","IMPORT","","0.0","","1","LOG","RENOLUX"
"74086","74086","1","IMPORT","","0.0","","1","LOG","NOBLE CHOCOLATES"
"74168","74168","1","IMPORT","","0.0","","1","LOG","CONSERVERIE CINQ OCEANS"
"74335","74335","1","IMPORT","","0.0","","1","LOG","QUADRIPACK"
"74747","74747","1","IMPORT","","0.0","","1","LOG","RICARD SA"
"74754","74754","1","IMPORT","","0.0","","1","LOG","R.C.L EXPORT"
"74872","74872","1","IMPORT","","0.0","","1","LOG","RIGA SA"
"75241","75241","1","IMPORT","","0.0","","1","LOG","AB FOODS"
"75243","75243","1","IMPORT","","0.0","","1","LOG","MANUEL MATEO CANDEL"
"75245","75245","1","IMPORT","","0.0","","1","LOG","EUROCHAMP"
"75392","75392","1","IMPORT","","0.0","","1","LOG","CONSERVAS DANTZA"
"75501","75501","1","IMPORT","","0.0","","1","LOG","CANISSIMO"
"75649","75649","1","IMPORT","","0.0","","1","LOG","ROUGER BISCUITERIE"
"75676","75676","1","IMPORT","","0.0","","1","LOG","ROXANE NORD SOURCE ST LEGER"
"75683","75683","1","IMPORT","","0.0","","1","LOG","ROVAL"
"75732","75732","1","IMPORT","","0.0","","1","LOG","CONSERVES DE FRANCE"
"75765","75765","1","IMPORT","","0.0","","1","LOG","ROZEMBLIT"
"75839","75839","1","IMPORT","","0.0","","1","LOG","PROVINI PET FOOF FRANCE"
"75910","75910","1","IMPORT","","0.0","","1","LOG","ROUGIER BISCUITERIE"
"75968","75968","1","IMPORT","","0.0","","1","LOG","GRANCO NV"
"76334","76334","1","IMPORT","","0.0","","1","LOG","IRECO TRADING"
"76508","76508","1","IMPORT","","0.0","","1","LOG","BRASSERIE LICORNE"
"76654","76654","1","IMPORT","","0.0","","1","LOG","DI VITA S.P.A."
"76747","76747","1","IMPORT","","0.0","","1","LOG","ITASILVA9"
"76869","76869","1","IMPORT","","0.0","","1","LOG","MERBA"
"77018","77018","1","IMPORT","","0.0","","1","LOG","RIO MINTS & SWEETENE"
"77144","77144","1","IMPORT","","0.0","","1","LOG","BISCHOFSZELL PRODUIT"
"77309","77309","1","IMPORT","","0.0","","1","LOG","LUTECE"
"77364","77364","1","IMPORT","","0.0","","1","LOG","ENGEL"
"77546","77546","1","IMPORT","","0.0","","1","LOG","BALTUSSEN"
"77688","77688","1","IMPORT","","0.0","","1","LOG","BELFORT FRANCE"
"77788","77788","1","IMPORT","","0.0","","1","LOG","SIMOS MEDITERRANEAN FOOD"
"77947","77947","1","IMPORT","","0.0","","1","LOG","JODEL PRODUTOS"
"78166","78166","1","IMPORT","","0.0","","1","LOG","SAUPIQUET"
"78311","78311","1","IMPORT","","0.0","","1","LOG","SARBEC"
"78329","78329","1","IMPORT","","0.0","","1","LOG","SA SAMAN EDOUARD PG"
"78801","78801","1","IMPORT","","0.0","","1","LOG","MULDER NATURAL FOOD"
"79149","79149","1","IMPORT","","0.0","","1","LOG","LIVEN SA"
"79156","79156","1","IMPORT","","0.0","","1","LOG","OPTIMAL CARE"
"79309","79309","1","IMPORT","","0.0","","1","LOG","WEPA TROYES SAS"
"79347","79347","1","IMPORT","","0.0","","1","LOG","SL AGRO"
"79485","79485","1","IMPORT","","0.0","","1","LOG","MJ CONDITIONNEMENT"
"79497","79497","1","IMPORT","","0.0","","1","LOG","VILLENEUVE PET FOOD"
"79908","79908","1","IMPORT","","0.0","","1","LOG","TE-PE SA"
"79999","79999","1","ASP","","0.0","","1","LOG","STE CRAF"
"80202","80202","1","IMPORT","","0.0","","1","LOG","CONSERVAS PEDRO LUIS"
"80251","80251","1","IMPORT","","0.0","","1","LOG","SEREBIS"
"80522","80522","1","IMPORT","","0.0","","1","LOG","PIASTEN"
"80552","80552","1","IMPORT","","0.0","","1","LOG","BEERTRADER"
"80576","80576","1","IMPORT","","0.0","","1","LOG","VIOKOX"
"80909","80909","1","IMPORT","","0.0","","1","LOG","ARTEDIST"
"80952","80952","1","IMPORT","","0.0","","1","LOG","CREST INTERNATIONAL"
"80967","80967","1","IMPORT","","0.0","","1","LOG","SILL STE INDUS LAITIER DU LEON"
"80974","80974","1","IMPORT","","0.0","","1","LOG","CURATEX GMBH"
"81041","81041","1","ASP","","0.0","","1","LOG","NESTLE"
"81166","81166","1","IMPORT","","0.0","","1","LOG","SLAUR CHAUVET"
"81222","81222","1","IMPORT","","0.0","","1","LOG","KIMBERLY CLARK"
"81372","81372","1","IMPORT","","0.0","","1","LOG","ADS FRANCE"
"81428","81428","1","IMPORT","","0.0","","1","LOG","SOREAU"
"81486","81486","1","IMPORT","","0.0","","1","LOG","WILLIAM PITTERS"
"81563","81563","1","IMPORT","","0.0","","1","LOG","HARRY'S FRANCE SA"
"81621","81621","1","IMPORT","","0.0","","1","LOG","SOLINEST SA MARO DISTRIBUTION"
"81786","81786","1","IMPORT","","0.0","","1","LOG","STEPHANE C"
"82429","82429","1","IMPORT","","0.0","","1","LOG","BISCUITERIE WILLEMS"
"82523","82523","1","IMPORT","","0.0","","1","LOG","GEOVITA NUTRITION"
"82775","82775","1","IMPORT","","0.0","","1","LOG","ACETIFICI ITALIANI"
"82832","82832","1","IMPORT","","0.0","","1","LOG","TEISSEIRE"
"83066","83066","1","IMPORT","","0.0","","1","LOG","SARA LEE FRANCE"
"83290","83290","1","IMPORT","","0.0","","1","LOG","THION"
"83337","83337","1","IMPORT","","0.0","","1","LOG","SCA HYGIENE PRODUCTS SA"
"83403","83403","1","IMPORT","","0.0","","1","LOG","ALPEM SA"
"84049","84049","1","IMPORT","","0.0","","1","LOG","TIPIAK"
"84530","84530","1","IMPORT","","0.0","","1","LOG","TOURY"
"84897","84897","1","IMPORT","","0.0","","1","LOG","BORGES TRAMIER"
"85499","85499","1","IMPORT","","0.0","","1","LOG","TULIP INTERNATIONAL"
"85723","85723","1","IMPORT","","0.0","","1","LOG","TEMPIER 64 RUE GRIGNAN 1"
"85739","85739","1","IMPORT","","0.0","","1","LOG","UNION BISC"
"85841","85841","1","IMPORT","","0.0","","1","LOG","UNION VIGNERONS COTES DU RHONE"
"85986","85986","1","IMPORT","","0.0","","1","LOG","VAN MELLE"
"86062","86062","1","IMPORT","","0.0","","1","LOG","VACHER ADRIEN (MAISON)"
"86136","86136","1","IMPORT","","0.0","","1","LOG","VAMO EXCEL SA"
"86846","86846","1","IMPORT","","0.0","","1","LOG","VERQUIN CO"
"87041","87041","1","IMPORT","","0.0","","1","LOG","VERJAME ST MAMET"
"87788","87788","1","IMPORT","","0.0","","1","LOG","SVF THIAIS"
"88277","88277","1","IMPORT","","0.0","","1","LOG","SDE"
"88835","88835","1","IMPORT","","0.0","","1","LOG","GEROPA ALSACE BISCUIT"
"89009","89009","1","IMPORT","","0.0","","1","LOG","AFP CENPA"
"89063","89063","1","IMPORT","","0.0","","1","LOG","LOGIDIS CHOLET"
"89819","89819","1","IMPORT","","0.0","","1","LOG","YANNICK BISCUITERIE SA"
"90001","90001","1","IMPORT","","0.0","","1","LOG","LA DOUCE SAS"
"90063","90063","1","IMPORT","","0.0","","1","LOG","SPANGHERO"
"90112","90112","1","IMPORT","","0.0","","1","LOG","SPHERE FRANCE SAS SP METAL"
"90227","90227","1","IMPORT","","0.0","","1","LOG","BRASSERIE DE MONDEVILLE"
"90314","90314","1","IMPORT","","0.0","","1","LOG","PICARD FRIGORIAL"
"90324","90324","1","IMPORT","","0.0","","1","LOG","SOREVI"
"90375","90375","1","IMPORT","","0.0","","1","LOG","INTERFOOD"
"90524","90524","1","IMPORT","","0.0","","1","LOG","LA TABLE EUROPEENNE"
"91626","91626","1","IMPORT","","0.0","","1","LOG","CEPA"
"92344","92344","1","IMPORT","","0.0","","1","LOG","SOPRONEM"
"93380","93380","1","IMPORT","","0.0","","1","LOG","ORALYS DENTAL"
"93420","93420","1","IMPORT","","0.0","","1","LOG","MAGNOLIA SP ZOO"
"94018","94018","1","IMPORT","","0.0","","1","LOG","SWEET PRODUCT SCHOCOLATE"
"94163","94163","1","IMPORT","","0.0","","1","LOG","DULFRANCE"
"94586","94586","1","IMPORT","","0.0","","1","LOG","GLOBAL GREEN GROUP"
"94801","94801","1","IMPORT","","0.0","","1","LOG","SOVENA ESPANA"
"94862","94862","1","IMPORT","","0.0","","1","LOG","ABAFOODS"
"94878","94878","1","IMPORT","","0.0","","1","LOG","MONA NATURPRODUKTE"
"95244","95244","1","IMPORT","","0.0","","1","LOG","CONSERVERIE PROVENCALES"
"95339","95339","1","IMPORT","","0.0","","1","LOG","DEUERER PETCARE"
"95684","95684","1","IMPORT","","0.0","","1","LOG","CHOCOLATERIE BOURGOGNE"
"95779","95779","1","IMPORT","","0.0","","1","LOG","MONDELEZ FRANCE SAS"
"96139","96139","1","IMPORT","","0.0","","1","LOG","SCANA NOLIKO NV"
"96242","96242","1","IMPORT","","0.0","","1","LOG","ERIDANT "" ASIE AUTHENTIQUE"""
"96853","96853","1","IMPORT","","0.0","","1","LOG","MC CAIN FOODS"
"97100","97100","1","ASP","","0.0","","1","LOG","WEST INDIES PACK"
"97101","97101","1","IMPORT","","0.0","","1","LOG","LOGIGUA"
"97113","97113","1","ASP","","0.0","","1","LOG","CAPES DOLE (STE DES EAUX CAPES"
"97122","97122","1","IMPORT","","0.0","","1","LOG","DB DISTRIBUTION"
"97129","97129","1","IMPORT","","0.0","","1","LOG","PK TRADING"
"97141","97141","1","IMPORT","","0.0","","1","LOG","JMVB"
"97142","97142","1","IMPORT","","0.0","","1","LOG","PIERSON MEUNIER"
"97147","97147","1","IMPORT","","0.0","","1","LOG","DUPOUY-SBCC"
"97156","97156","1","ASP","","0.0","","1","LOG","SOFRIBER"
"97199","97199","1","IMPORT","","0.0","","1","LOG","BAZAR"
"972","972","1","IMPORT","","0.0","","1","LOG","SOFRIDIS APPRO"
"97200","97200","1","IMPORT","","0.0","","1","LOG","SOFRIDIS"
"97201","97201","1","IMPORT","","0.0","","1","LOG","MONT PELE SARL"
"97202","97202","1","IMPORT","","0.0","","1","LOG","ROYAL USINE DENEL"
"97203","97203","1","IMPORT","","0.0","","1","LOG","SACHERIE CLERY"
"97204","97204","1","IMPORT","","0.0","","1","LOG","SCAGEX"
"97216","97216","1","IMPORT","","0.0","","1","LOG","SOMADICOM"
"97232","97232","1","ASP","","0.0","","1","LOG","TANIAZINO"
"97235","97235","1","ASP","","0.0","","1","LOG","G&C TRADING"
"97250","97250","1","IMPORT","","0.0","","1","LOG","RACINES"
"97272","97272","1","IMPORT","","0.0","","1","LOG","BRASSERIE VANUXEEM SA"
"97291","97291","1","IMPORT","","0.0","","1","LOG","AUBRET S. A."
"97301","97301","1","IMPORT","","0.0","","1","LOG","STE AGRICOLE DE MANA"
"97316","97316","1","IMPORT","","0.0","","1","LOG","INITIA FOOD"
"97436","97436","1","IMPORT","","0.0","","1","LOG","GALLO SA"
"97453","97453","1","IMPORT","","0.0","","1","LOG","FOODING CAMPAGNY"
"97654","97654","1","IMPORT","","0.0","","1","LOG","MAISON JEAN-BAPTISTE BEJOT"
"97749","97749","1","IMPORT","","0.0","","1","LOG","LAITA INTERNATIONAL"
"97859","97859","1","IMPORT","","0.0","","1","LOG","NATRA CHOCOLATE"
"97860","97860","1","IMPORT","","0.0","","1","LOG","ICT FRANCE"
"97885","97885","1","IMPORT","","0.0","","1","LOG","ZETAR SAS"
"97900","97900","1","IMPORT","","0.0","","1","LOG","GEORGES DARAS"
"97902","97902","1","IMPORT","","0.0","","1","LOG","ASTRA SWEETS"
"97999","97999","1","ASP","","0.0","","1","LOG","CORAM IMPORTS"
"98000","98000","1","IMPORT","","0.0","","1","LOG","BELMA"
"98039","98039","1","IMPORT","","0.0","","1","LOG","BOVETTI CHOCOLATS"
"98100","98100","1","ASP","","0.0","","1","LOG","TROPIC DELICES"
"98134","98134","1","IMPORT","","0.0","","1","LOG","MAPPLE LEAF"
"98156","98156","1","IMPORT","","0.0","","1","LOG","TOUPNOT SA"
"98200","98200","1","ASP","","0.0","","1","LOG","JACQUES NOUY"
"98242","98242","1","IMPORT","","0.0","","1","LOG","VALDIGRANO"
"98247","98247","1","IMPORT","","0.0","","1","LOG","SEURODIS SLU"
"98478","98478","1","IMPORT","","0.0","","1","LOG","NEWLAT"
"98490","98490","1","IMPORT","","0.0","","1","LOG","CONFISERIE VAN DAMME"
"98518","98518","1","IMPORT","","0.0","","1","LOG","COMPTOIR DU BISCUIT"
"98572","98572","1","IMPORT","","0.0","","1","LOG","CAFE LIEGOIS SA"
"98918","98918","1","IMPORT","","0.0","","1","LOG","GMS MEUNERIE SAS"
"98981","98981","1","IMPORT","","0.0","","1","LOG","FRUMESA"
"99068","99068","1","IMPORT","","0.0","","1","LOG","PVI"
"99137","99137","1","IMPORT","","0.0","","1","LOG","SZATMARI KONZERVGYAR"
"99161","99161","1","IMPORT","","0.0","","1","LOG","JUS DE FRUIT ALSACE"
"99321","99321","1","IMPORT","","0.0","","1","LOG","SARL GRAY & CIE"
"99351","99351","1","IMPORT","","0.0","","1","LOG","SAS NV"
"99490","99490","1","IMPORT","","0.0","","1","LOG","I D M"
"99498","99498","1","IMPORT","","0.0","","1","LOG","TSA INTERNATIONAL"
"99589","99589","1","IMPORT","","0.0","","1","LOG","RAIVICO/BERTRAND DE TAVERNAY"
"99635","99635","1","IMPORT","","0.0","","1","LOG","TEXOM"
"99916","99916","1","IMPORT","","0.0","","1","LOG","CHAMPAGNE ADAM GARNOTEL"
"99946","99946","1","IMPORT","","0.0","","1","LOG","WRIGLEY"
"99984","99984","1","IMPORT","","0.0","","1","LOG","MORE CODEFISH"
"99991","99991","1","IMPORT","","0.0","","1","LOG","BEER TRADER"
"99992","99992","1","IMPORT","","0.0","","1","LOG","PENY"
"99997","99997","1","ASP","","0.0","","1","LOG","DRX ENTRPRISE"
"99998","99998","1","ASP","","0.0","","1","LOG","SODIAL NOUY"
"99999","99999","1","IMPORT","","0.0","","1","LOG","TRAOU MAD"
"6828","6828","1","IMPORT","","0.0","","1","CAD","SELBA INDUSTRIE"
"NI","NI","1","IMPORT","","0.0","","1","CAD","NON IDENTIFIE * NE PAS TOUCHER"
"00001","00001","1","IMPORT","","0.0","","1","CAD","LES OLIVIERS ( ATELIER )"
"00002","00002","1","IMPORT","","0.0","","1","CAD","LES OLIVIERS ( PRESTATIONS)"
"00003","00003","1","ASP","","0.0","","1","CAD","FOURNISSEURS DIVERS GUADELOUPE"
"00010","00010","1","ASP","","0.0","","1","CAD","DOMAINE DES ECORES"
"00011","00011","1","ASP","","0.0","","1","CAD","EXOTICA GEL SARL"
"00012","00012","1","ASP","","0.0","","1","CAD","MARCHE CARAIBES"
"00013","00013","1","ASP","","0.0","","1","CAD","DORLIN JOSEPH"
"00014","00014","1","ASP","","0.0","","1","CAD","DI PASTO"
"00015","00015","1","IMPORT","","0.0","","1","CAD","ISLAND FOOD INTERNATIONAL, INC"
"00016","00016","1","IMPORT","","0.0","","1","CAD","PRODUITS DE LA MER INTERN."
"00017","00017","1","IMPORT","","0.0","","1","CAD","ABCHEE & FILS"
"00018","00018","1","IMPORT","","0.0","","1","CAD","PRODUITS NOUVELLE ZELANDE"
"00019","00019","1","IMPORT","","0.0","","1","CAD","CODEPEG GUYANE"
"00020","00020","1","ASP","","0.0","","1","CAD","GANAPATI"
"00021","00021","1","ASP","","0.0","","1","CAD","SOFRIGEL"
"00022","00022","1","ASP","","0.0","","1","CAD","SEBRONSHI CAN'ANTILLES"
"00024","00024","1","ASP","","0.0","","1","CAD","G.F.I."
"00026","00026","1","ASP","","0.0","","1","CAD","CARIBBEAN FOOD INDUSTRY"
"00271","00271","1","IMPORT","","0.0","","1","CAD","R.P.A. (ROUE DU PAYS D'AUGE)"
"01680","01680","1","IMPORT","","0.0","","1","CAD","ASIA GENERAL FOOD"
"01879","01879","1","IMPORT","","0.0","","1","CAD","FRANCE CHAMPIGNON"
"03682","03682","1","IMPORT","","0.0","","1","CAD","PROMOCIONES CARIBE INVEST"
"03688","03688","1","ASP","","0.0","","1","CAD","KRUSTAFISH"
"05316","05316","1","IMPORT","","0.0","","1","CAD","MAGDA"
"05509","05509","1","IMPORT","","0.0","","1","CAD","TOQUE D'ALSACE"
"06035","06035","1","IMPORT","","0.0","","1","CAD","FISH & CO"
"08737","08737","1","IMPORT","","0.0","","1","CAD","INTERFOOD"
"08755","08755","1","IMPORT","","0.0","","1","CAD","BONDUELLE"
"08776","08776","1","IMPORT","","0.0","","1","CAD","GELAGRI BRETAGNE S.A."
"08982","08982","1","IMPORT","","0.0","","1","CAD","ORLY GEL"
"10147","10147","1","IMPORT","","0.0","","1","CAD","PERRIER"
"10969","10969","1","IMPORT","","0.0","","1","CAD","CAP BG"
"11701","11701","1","IMPORT","","0.0","","1","CAD","PICKENPACK"
"13690","13690","1","IMPORT","","0.0","","1","CAD","PINGUIN BELGIQUE"
"14330","14330","1","IMPORT","","0.0","","1","CAD","SOCOPA VILLEFRANCHE"
"16800","16800","1","IMPORT","","0.0","","1","CAD","ATLANTIQUE ALIMENTAIRE"
"18113","18113","1","IMPORT","","0.0","","1","CAD","FINDUS FRANCE"
"19710","19710","1","IMPORT","","0.0","","1","CAD","FRANCE KEBAB"
"20165","20165","1","ASP","","0.0","","1","CAD","SAVEURS DES TROPIQUES"
"20179","20179","1","ASP","","0.0","","1","CAD","HAI YUANG DISTRIBUTION"
"20478","20478","1","ASP","","0.0","","1","CAD","LES DELICES SURGELES"
"20695","20695","1","ASP","","0.0","","1","CAD","KRUSTANORD"
"20799","20799","1","ASP","","0.0","","1","CAD","UPFRUIT SARL"
"20800","20800","1","ASP","","0.0","","1","CAD","OCEAN DISTRIBUTION"
"22308","22308","1","IMPORT","","0.0","","1","CAD","HUMANA MILCHUNION"
"22555","22555","1","IMPORT","","0.0","","1","CAD","DAVIGEL"
"23009","23009","1","IMPORT","","0.0","","1","CAD","ZZZZZ"
"23089","23089","1","IMPORT","","0.0","","1","CAD","ARRIVE S.A./MAITRE COQ"
"24848","24848","1","IMPORT","","0.0","","1","CAD","VITACUIRE S.A."
"25659","25659","1","IMPORT","","0.0","","1","CAD","SOLE MIO"
"26448","26448","1","IMPORT","","0.0","","1","CAD","FRIGOR"
"26522","26522","1","IMPORT","","0.0","","1","CAD","GELAZUR S.A."
"26565","26565","1","IMPORT","","0.0","","1","CAD","FREIBERGER"
"26706","26706","1","IMPORT","","0.0","","1","CAD","ESCAL SA"
"26902","26902","1","IMPORT","","0.0","","1","CAD","VOLAVEN"
"30293","30293","1","IMPORT","","0.0","","1","CAD","STE JACQUET S.EXPORT"
"30671","30671","1","IMPORT","","0.0","","1","CAD","DELPEYRAT S.A."
"30833","30833","1","IMPORT","","0.0","","1","CAD","YSCO"
"31663","31663","1","IMPORT","","0.0","","1","CAD","HONORE JANIN"
"32213","32213","1","IMPORT","","0.0","","1","CAD","GARTAL SA"
"32215","32215","1","IMPORT","","0.0","","1","CAD","GASTRONOME"
"32488","32488","1","IMPORT","","0.0","","1","CAD","MARIE"
"32557","32557","1","IMPORT","","0.0","","1","CAD","GEWY SURGELES"
"32679","32679","1","IMPORT","","0.0","","1","CAD","CAILLOR"
"32680","32680","1","IMPORT","","0.0","","1","CAD","MARTINE SPECIALITES"
"33261","33261","1","IMPORT","","0.0","","1","CAD","FLECHARD"
"33266","33266","1","IMPORT","","0.0","","1","CAD","FOUCTEAU"
"34831","34831","1","IMPORT","","0.0","","1","CAD","PRODISAL SAS"
"35600","35600","1","IMPORT","","0.0","","1","CAD","FRANCE EUROPE"
"35861","35861","1","IMPORT","","0.0","","1","CAD","GIRKI"
"38000","38000","1","IMPORT","","0.0","","1","CAD","ZZZZZ"
"38002","38002","1","IMPORT","","0.0","","1","CAD","UHRENHOLT AS (EX EMBORG)"
"38027","38027","1","IMPORT","","0.0","","1","CAD","C.M.E. FROID"
"38219","38219","1","IMPORT","","0.0","","1","CAD","DAREGAL"
"39938","39938","1","IMPORT","","0.0","","1","CAD","ROLLI FRANCE"
"39967","39967","1","IMPORT","","0.0","","1","CAD","JESTIN S.A.S."
"42442","42442","1","IMPORT","","0.0","","1","CAD","VOLAILLES DE KERANNA S.A.S."
"48007","48007","1","IMPORT","","0.0","","1","CAD","DIRAFROST FFI"
"50791","50791","1","IMPORT","","0.0","","1","CAD","UNION VIANDE"
"56270","56270","1","IMPORT","","0.0","","1","CAD","ALLMEX"
"61717","61717","1","IMPORT","","0.0","","1","CAD","POUJOL FRERES"
"67243","67243","1","IMPORT","","0.0","","1","CAD","FRANAISE GASTRONOMIE"
"76117","76117","1","IMPORT","","0.0","","1","CAD","CAPA"
"79610","79610","1","IMPORT","","0.0","","1","CAD","BEAUMARAIS"
"82285","82285","1","IMPORT","","0.0","","1","CAD","MONFORT S.A."
"82298","82298","1","IMPORT","","0.0","","1","CAD","G.B.V. (GERARD BONNET VIANDE)"
"82303","82303","1","IMPORT","","0.0","","1","CAD","SOVIGEL"
"84049","84049","1","IMPORT","","0.0","","1","CAD","TIPIAK"
"88646","88646","1","IMPORT","","0.0","","1","CAD","VANEL"
"88816","88816","1","IMPORT","","0.0","","1","CAD","VOLAGEL ( GIBIER )"
"88853","88853","1","IMPORT","","0.0","","1","CAD","HORAFROST"
"88854","88854","1","IMPORT","","0.0","","1","CAD","BEGRO"
"88884","88884","1","IMPORT","","0.0","","1","CAD","VALINDUS"
"90012","90012","1","ASP","","0.0","","1","CAD","PROMOCASH KARUCASH"
"90048","90048","1","ASP","","0.0","","1","CAD","MARTINIQUE VIANDES"
"90135","90135","1","IMPORT","","0.0","","1","CAD","SOPRAT PERE DODU"
"90170","90170","1","IMPORT","","0.0","","1","CAD","U. F. P."
"90180","90180","1","IMPORT","","0.0","","1","CAD","PLOERMEL ABC"
"90223","90223","1","IMPORT","","0.0","","1","CAD","POMONA SURGELES"
"90226","90226","1","IMPORT","","0.0","","1","CAD","POPY"
"90292","90292","1","IMPORT","","0.0","","1","CAD","GENERALE SURGELATION"
"90314","90314","1","IMPORT","","0.0","","1","CAD","PICARD"
"90433","90433","1","IMPORT","","0.0","","1","CAD","ICIBEX"
"90596","90596","1","IMPORT","","0.0","","1","CAD","HOA NAM"
"90691","90691","1","IMPORT","","0.0","","1","CAD","XAVIER GOURMET"
"90774","90774","1","IMPORT","","0.0","","1","CAD","CITE MARINE"
"90775","90775","1","IMPORT","","0.0","","1","CAD","ROLLAND S.A."
"90786","90786","1","IMPORT","","0.0","","1","CAD","BONNY ANDRE"
"90844","90844","1","IMPORT","","0.0","","1","CAD","SECOUE"
"90997","90997","1","IMPORT","","0.0","","1","CAD","SERVIANDE"
"91225","91225","1","IMPORT","","0.0","","1","CAD","LORIENTEX"
"91261","91261","1","IMPORT","","0.0","","1","CAD","TILLY SABCO S.A."
"91440","91440","1","IMPORT","","0.0","","1","CAD","ALLONNES"
"91441","91441","1","IMPORT","","0.0","","1","CAD","ALLONNES PRODUITS N1"
"91442","91442","1","IMPORT","","0.0","","1","CAD","ALLONNES PROD. CARREFOUR"
"91443","91443","1","IMPORT","","0.0","","1","CAD","ALLONNES ECLATEMENT"
"91444","91444","1","IMPORT","","0.0","","1","CAD","ALLONNES PROD. CARREF.DISCOUNT"
"91700","91700","1","IMPORT","","0.0","","1","CAD","DUC VOLAVEN"
"97172","97172","1","IMPORT","","0.0","","1","CAD","BOMBARDIER JOHNSON INTERN. INC"
"97182","97182","1","IMPORT","","0.0","","1","CAD","HARRY'S EPIGRILL"
"97190","97190","1","ASP","","0.0","","1","CAD","ETS BERTHILY'S"
"97224","97224","1","IMPORT","","0.0","","1","CAD","SIMBI"
"97232","97232","1","IMPORT","","0.0","","1","CAD","AUBRET"
"97409","97409","1","IMPORT","","0.0","","1","CAD","FRIAL S.A."
"97437","97437","1","IMPORT","","0.0","","1","CAD","SERVIFRAIS"
"97590","97590","1","IMPORT","","0.0","","1","CAD","CHAPIN"
"97594","97594","1","IMPORT","","0.0","","1","CAD","CHARAL SURGELS (TELEVENTE)"
"97661","97661","1","IMPORT","","0.0","","1","CAD","PESCANOVA FRANCER S.A."
"97662","97662","1","IMPORT","","0.0","","1","CAD","DHLER FRANCE"
"97971","97971","1","IMPORT","","0.0","","1","CAD","B.S.A."
"97986","97986","1","IMPORT","","0.0","","1","CAD","LE GOUMET D'ALSACE"
"98099","98099","1","IMPORT","","0.0","","1","CAD","SOCOPA CHERRE"
"98205","98205","1","IMPORT","","0.0","","1","CAD","BOIRON"
"98400","98400","1","IMPORT","","0.0","","1","CAD","JEAN STALAVEN"
"98473","98473","1","IMPORT","","0.0","","1","CAD","EMBORG"
"98492","98492","1","IMPORT","","0.0","","1","CAD","CULINA"
"98550","98550","1","IMPORT","","0.0","","1","CAD","ROYAL CHAMPIGNON"
"98624","98624","1","IMPORT","","0.0","","1","CAD","MAC CAIN"
"98625","98625","1","IMPORT","","0.0","","1","CAD","MAC CAIN R.H.F."
"98727","98727","1","IMPORT","","0.0","","1","CAD","SABCO L'ORIENT"
"98772","98772","1","IMPORT","","0.0","","1","CAD","SPANGHERO S.A."
"98839","98839","1","IMPORT","","0.0","","1","CAD","BROSSARD SURG SA"
"98912","98912","1","IMPORT","","0.0","","1","CAD","POPY FRERES"
"98999","98999","1","IMPORT","","0.0","","1","CAD","S . E . B ."
"99093","99093","1","IMPORT","","0.0","","1","CAD","ETS BERNI"
"99115","99115","1","IMPORT","","0.0","","1","CAD","ORIENTAL VIANDES"
"99132","99132","1","IMPORT","","0.0","","1","CAD","DOUX SA"
"99152","99152","1","IMPORT","","0.0","","1","CAD","GORCY/VIVAGEL"
"99153","99153","1","IMPORT","","0.0","","1","CAD","UNILEVER (EX MEMO)"
"99193","99193","1","IMPORT","","0.0","","1","CAD","BRIDEL LAITERIES"
"99228","99228","1","IMPORT","","0.0","","1","CAD","UNICOPA ( PIC PIC )"
"99997","99997","1","IMPORT","","0.0","","1","CAD","SOGEDIAL INTERNATIONAL"
"99998","99998","1","IMPORT","","0.0","","1","CAD","SOGEDIAL GATT"
"99999","99999","1","IMPORT","","0.0","","1","CAD","SOGEDIAL"
"00000","00000","1","IMPORT","","0.0","","1","SEB",""
"00001","00001","1","IMPORT","","0.0","","1","SEB",""
"00002","00002","1","IMPORT","","0.0","","1","SEB","LACTALIS SOCIETE DES CAVES"
"00010","00010","1","IMPORT","","0.0","","1","SEB","ISLAND FOOD INTERN. INC"
"00011","00011","1","IMPORT","","0.0","","1","SEB","INTERFOOD"
"00020","00020","1","IMPORT","","0.0","","1","SEB","COFRAMCA CANADA"
"00030","00030","1","IMPORT","","0.0","","1","SEB","S.N.C.  (SIDNEY)"
"00050","00050","1","ASP","","0.0","","1","SEB","FOURNISSEURS LOCAUX"
"00064","00064","1","IMPORT","","0.0","","1","SEB","CHARCUPAC LOGIDIS"
"00095","00095","1","IMPORT","","0.0","","1","SEB","LACTALIS"
"00100","00100","1","IMPORT","","0.0","","1","SEB","DELICEMER (AVION)"
"00120","00120","1","IMPORT","","0.0","","1","SEB","FRANCE FOOD (AVION)"
"00140","00140","1","IMPORT","","0.0","","1","SEB","MAROC FINES HERBES (AVION)"
"00160","00160","1","IMPORT","","0.0","","1","SEB","NANTIAL (AVION)"
"00180","00180","1","IMPORT","","0.0","","1","SEB","REGALETTE (AVION)"
"00194","00194","1","IMPORT","","0.0","","1","SEB","LESIEUR"
"00200","00200","1","IMPORT","","0.0","","1","SEB","VINAS (AVION)"
"00210","00210","1","IMPORT","","0.0","","1","SEB","POMONA (AVION)"
"00220","00220","1","IMPORT","","0.0","","1","SEB","LA TOQUE (AVION)"
"00230","00230","1","IMPORT","","0.0","","1","SEB","DIRECT OCEAN (AVION)"
"00240","00240","1","IMPORT","","0.0","","1","SEB","MANDAR (AVION)"
"00250","00250","1","IMPORT","","0.0","","1","SEB","FRUITS ROUGES (AVION)"
"00322","00322","1","IMPORT","","0.0","","1","SEB","LACTALIS S.A.F.R"
"00323","00323","1","IMPORT","","0.0","","1","SEB","CABY"
"00325","00325","1","IMPORT","","0.0","","1","SEB","EURIAL POUTOURAINE GRD FERMAGE"
"00333","00333","1","IMPORT","","0.0","","1","SEB","BONGRAIN EXPORT"
"00338","00338","1","IMPORT","","0.0","","1","SEB","EUREXIA"
"00727","00727","1","IMPORT","","0.0","","1","SEB","ALIMENT SYSTEME"
"00972","00972","1","IMPORT","","0.0","","1","SEB","DELICE LOCALE"
"00993","00993","1","IMPORT","","0.0","","1","SEB","MERALIM"
"01001","01001","1","IMPORT","","0.0","","1","SEB","FOURNISSEURS DIVERS"
"01204","01204","1","IMPORT","","0.0","","1","SEB","VALMARTIN"
"01339","01339","1","IMPORT","","0.0","","1","SEB","AMBROSI"
"01340","01340","1","IMPORT","","0.0","","1","SEB","ANDROS"
"01400","01400","1","IMPORT","","0.0","","1","SEB","COMPTOIR COMMERCIAL D'ORIENT"
"01591","01591","1","IMPORT","","0.0","","1","SEB","DELMOTE FRANCK"
"01592","01592","1","IMPORT","","0.0","","1","SEB","DELICE DE"
"02025","02025","1","IMPORT","","0.0","","1","SEB","PREDAULT"
"02126","02126","1","IMPORT","","0.0","","1","SEB","PROTAGORAS"
"02127","02127","1","IMPORT","","0.0","","1","SEB","PROCANAR"
"02326","02326","1","IMPORT","","0.0","","1","SEB","PYRENEFROM"
"03930","03930","1","IMPORT","","0.0","","1","SEB","PANORIENT"
"03940","03940","1","IMPORT","","0.0","","1","SEB","PAIN CONCE"
"03941","03941","1","IMPORT","","0.0","","1","SEB","PAILLARD"
"03943","03943","1","IMPORT","","0.0","","1","SEB","PALACE PRO"
"04073","04073","1","IMPORT","","0.0","","1","SEB","SALAISONS MONTAGNE NOIRE PYREN"
"04183","04183","1","IMPORT","","0.0","","1","SEB","CALIXTE COCHONOU EXPORT SNC"
"04184","04184","1","IMPORT","","0.0","","1","SEB","CAILLOR"
"04206","04206","1","IMPORT","","0.0","","1","SEB","LES FINES TRANCHES"
"04798","04798","1","IMPORT","","0.0","","1","SEB","E.F FRANCE"
"05057","05057","1","IMPORT","","0.0","","1","SEB","BEL INTERNATIONAL"
"05058","05058","1","IMPORT","","0.0","","1","SEB","BISC ANNE DE BEAUJEU"
"05059","05059","1","IMPORT","","0.0","","1","SEB","BIO FOURNIL"
"05178","05178","1","IMPORT","","0.0","","1","SEB","BESNIER INTERNATIONAL"
"06547","06547","1","IMPORT","","0.0","","1","SEB","CIPAL"
"07145","07145","1","IMPORT","","0.0","","1","SEB","RANDY"
"07150","07150","1","IMPORT","","0.0","","1","SEB","REGIONAL FOODS"
"07200","07200","1","IMPORT","","0.0","","1","SEB","SPECIALITES"
"07310","07310","1","IMPORT","","0.0","","1","SEB","ST DENIS"
"07311","07311","1","IMPORT","","0.0","","1","SEB","ST ANDRE"
"07420","07420","1","IMPORT","","0.0","","1","SEB","ST MALO"
"10363","10363","1","IMPORT","","0.0","","1","SEB","L.S.D.H."
"11716","11716","1","IMPORT","","0.0","","1","SEB","TEMPE"
"12299","12299","1","IMPORT","","0.0","","1","SEB","LPFH LES PRODUITS FRANCO"
"13036","13036","1","IMPORT","","0.0","","1","SEB","CHAMSYL"
"13210","13210","1","IMPORT","","0.0","","1","SEB","BUTON"
"14263","14263","1","IMPORT","","0.0","","1","SEB","JB GASTRON"
"14264","14264","1","IMPORT","","0.0","","1","SEB","JUSTIN BRIDOU"
"15029","15029","1","IMPORT","","0.0","","1","SEB","LANGUEDOC SALAISONS"
"15030","15030","1","IMPORT","","0.0","","1","SEB","LARNAUDIE"
"15031","15031","1","IMPORT","","0.0","","1","SEB","LANGLOY'S"
"17555","17555","1","IMPORT","","0.0","","1","SEB","ANTOINE AUGE"
"17734","17734","1","IMPORT","","0.0","","1","SEB","PAUL PREDAULT"
"18123","18123","1","IMPORT","","0.0","","1","SEB","CHARAL S.A."
"18124","18124","1","IMPORT","","0.0","","1","SEB","CHARRADE"
"18189","18189","1","IMPORT","","0.0","","1","SEB","VLELVY"
"18467","18467","1","IMPORT","","0.0","","1","SEB","RIANS"
"19200","19200","1","IMPORT","","0.0","","1","SEB","VERGEER"
"20136","20136","1","IMPORT","","0.0","","1","SEB","ELIVIA"
"20137","20137","1","IMPORT","","0.0","","1","SEB","MONFORT"
"20138","20138","1","IMPORT","","0.0","","1","SEB","EL POZO"
"20238","20238","1","ASP","","0.0","","1","SEB","MIDI CARAIBES"
"20255","20255","1","ASP","","0.0","","1","SEB","ODELYS EURL"
"20326","20326","1","ASP","","0.0","","1","SEB","TADORAL"
"20327","20327","1","ASP","","0.0","","1","SEB","SOFHYPER (CRF MILENIS)"
"20340","20340","1","IMPORT","","0.0","","1","SEB","CONSERVERIES PROVENCALES"
"20378","20378","1","ASP","","0.0","","1","SEB","APPLE WAY"
"20503","20503","1","IMPORT","","0.0","","1","SEB","CAATHALEM"
"20555","20555","1","IMPORT","","0.0","","1","SEB","HAPI FRANCE"
"20606","20606","1","IMPORT","","0.0","","1","SEB","FRANCE SALAISONS"
"20607","20607","1","IMPORT","","0.0","","1","SEB","FIORUCCI"
"20608","20608","1","IMPORT","","0.0","","1","SEB","FLECHARD"
"20609","20609","1","IMPORT","","0.0","","1","SEB","FLORETTE"
"20725","20725","1","ASP","","0.0","","1","SEB","JADINCREOL'DISTRIBUTION"
"20825","20825","1","ASP","","0.0","","1","SEB","LEGUMES CARAIBES"
"20844","20844","1","ASP","","0.0","","1","SEB","LA FERME DE ST JACQUES"
"20915","20915","1","ASP","","0.0","","1","SEB","KARAYBE MARAICHAGE"
"21169","21169","1","ASP","","0.0","","1","SEB","EXOJARRY SARL"
"21300","21300","1","ASP","","0.0","","1","SEB","LOGIGUA"
"21872","21872","1","IMPORT","","0.0","","1","SEB","STEMMELEN"
"23089","23089","1","IMPORT","","0.0","","1","SEB","ARRIVE S.A MAITRE COQ"
"23134","23134","1","IMPORT","","0.0","","1","SEB","SAUMON P. CHEVANCE"
"23386","23386","1","IMPORT","","0.0","","1","SEB","DELPIERRE"
"23530","23530","1","IMPORT","","0.0","","1","SEB","PUIGRENIER"
"23535","23535","1","IMPORT","","0.0","","1","SEB","LFFI"
"25050","25050","1","IMPORT","","0.0","","1","SEB","CODIPAL"
"25250","25250","1","IMPORT","","0.0","","1","SEB","LFD"
"25376","25376","1","IMPORT","","0.0","","1","SEB","LOGIDIS"
"27135","27135","1","IMPORT","","0.0","","1","SEB","GUYADER"
"27323","27323","1","IMPORT","","0.0","","1","SEB","BIGARD"
"27655","27655","1","IMPORT","","0.0","","1","SEB","MONTFORT"
"27725","27725","1","IMPORT","","0.0","","1","SEB","S.B.S."
"27763","27763","1","IMPORT","","0.0","","1","SEB","GMD SA"
"28058","28058","1","IMPORT","","0.0","","1","SEB","SOCOPA GACE"
"28304","28304","1","IMPORT","","0.0","","1","SEB","LDC LE GAULOIS"
"28724","28724","1","IMPORT","","0.0","","1","SEB","FROMAPAC"
"29776","29776","1","IMPORT","","0.0","","1","SEB","HERO DAUFRUIT"
"29777","29777","1","IMPORT","","0.0","","1","SEB","HDSA"
"30116","30116","1","IMPORT","","0.0","","1","SEB","LA BOULANGERE"
"30155","30155","1","IMPORT","","0.0","","1","SEB","TEMPIER SOVACO"
"30179","30179","1","IMPORT","","0.0","","1","SEB","ETS VANEL"
"30232","30232","1","IMPORT","","0.0","","1","SEB","ST HUBERT"
"30389","30389","1","IMPORT","","0.0","","1","SEB","JARNOUX CREPERIE"
"30427","30427","1","IMPORT","","0.0","","1","SEB","BISCUITERIE DE L'AER"
"30428","30428","1","IMPORT","","0.0","","1","SEB","BISCUITERIE JEANNETTE"
"30429","30429","1","IMPORT","","0.0","","1","SEB","BRIE"
"30445","30445","1","IMPORT","","0.0","","1","SEB","SALAISON ST ANDRE"
"30446","30446","1","IMPORT","","0.0","","1","SEB","SALAISON PAYS D'OC"
"30453","30453","1","IMPORT","","0.0","","1","SEB","NORMANDIE"
"30455","30455","1","IMPORT","","0.0","","1","SEB","VANELLI"
"30456","30456","1","IMPORT","","0.0","","1","SEB","VAUBERNIER"
"30671","30671","1","IMPORT","","0.0","","1","SEB","DELPEYRAT SA"
"30737","30737","1","IMPORT","","0.0","","1","SEB","NOVANDIE"
"30819","30819","1","IMPORT","","0.0","","1","SEB","ENTREMONT"
"31035","31035","1","IMPORT","","0.0","","1","SEB","SA. SAMAN EDOUARD PG"
"31036","31036","1","IMPORT","","0.0","","1","SEB","SAR OCEAN"
"31037","31037","1","IMPORT","","0.0","","1","SEB","S V A"
"31239","31239","1","IMPORT","","0.0","","1","SEB","AGRI COMMERCE"
"31409","31409","1","IMPORT","","0.0","","1","SEB","LES PCHERIES DE FECAMP"
"31410","31410","1","IMPORT","","0.0","","1","SEB","LES FERMIERS LANDAIS"
"31617","31617","1","IMPORT","","0.0","","1","SEB","LE COMPTOIR DES FLEURISTES"
"31619","31619","1","IMPORT","","0.0","","1","SEB","ELVIR S.A."
"31620","31620","1","IMPORT","","0.0","","1","SEB","E.Q.S."
"31653","31653","1","IMPORT","","0.0","","1","SEB","MIFROMA"
"31729","31729","1","IMPORT","","0.0","","1","SEB","AGRUNORD"
"31730","31730","1","IMPORT","","0.0","","1","SEB","VAMOT EXCEL"
"31743","31743","1","IMPORT","","0.0","","1","SEB","SOUSSANA"
"31752","31752","1","IMPORT","","0.0","","1","SEB","SENOBLE"
"31753","31753","1","IMPORT","","0.0","","1","SEB","SENEGRAL"
"31765","31765","1","IMPORT","","0.0","","1","SEB","IDEVAL"
"31809","31809","1","IMPORT","","0.0","","1","SEB","MADRANGE"
"31811","31811","1","IMPORT","","0.0","","1","SEB","APPLE-WAY"
"31812","31812","1","IMPORT","","0.0","","1","SEB","LABEYRIE INTERNATIONAL"
"31813","31813","1","IMPORT","","0.0","","1","SEB","ETREZ"
"31815","31815","1","IMPORT","","0.0","","1","SEB","JEAN STALAVEN"
"31827","31827","1","IMPORT","","0.0","","1","SEB","DESAILLY CHAUVIERE ROY"
"31841","31841","1","IMPORT","","0.0","","1","SEB","SOCIETE GRAND FERMAGE"
"31930","31930","1","IMPORT","","0.0","","1","SEB","COOP AGRICOLE MANZIAT"
"32143","32143","1","IMPORT","","0.0","","1","SEB","SCAB KRITSEN"
"32198","32198","1","IMPORT","","0.0","","1","SEB","LES FROMAGERIES OCCITANES"
"32201","32201","1","IMPORT","","0.0","","1","SEB","YANNICK"
"32202","32202","1","IMPORT","","0.0","","1","SEB","YEO"
"32203","32203","1","IMPORT","","0.0","","1","SEB","ZAPHIR"
"32221","32221","1","IMPORT","","0.0","","1","SEB","EURALIS GASTRONOMIE"
"32249","32249","1","IMPORT","","0.0","","1","SEB","SCAN IMPORT"
"32272","32272","1","IMPORT","","0.0","","1","SEB","LUNOR"
"32280","32280","1","IMPORT","","0.0","","1","SEB","LACTALIS AVION"
"32281","32281","1","IMPORT","","0.0","","1","SEB","PONTHIER"
"32303","32303","1","IMPORT","","0.0","","1","SEB","AOSTE EXPORT SNC"
"32304","32304","1","IMPORT","","0.0","","1","SEB","ROCHEBILLARD"
"32345","32345","1","IMPORT","","0.0","","1","SEB","LE PETIT CUISINIER"
"32356","32356","1","IMPORT","","0.0","","1","SEB","RICHELIEU"
"32451","32451","1","IMPORT","","0.0","","1","SEB","SEA STAR SEAFOODS"
"32452","32452","1","IMPORT","","0.0","","1","SEB","SCHOEPFER"
"32453","32453","1","IMPORT","","0.0","","1","SEB","TROPIC  APERO"
"32467","32467","1","IMPORT","","0.0","","1","SEB","BASTE"
"32528","32528","1","IMPORT","","0.0","","1","SEB","ICIBEX"
"32535","32535","1","IMPORT","","0.0","","1","SEB","MONDIAL FRUITS SECS"
"32536","32536","1","IMPORT","","0.0","","1","SEB","MONTAGNE NOIRE"
"32537","32537","1","IMPORT","","0.0","","1","SEB","SOCOPA CHERRE"
"32545","32545","1","IMPORT","","0.0","","1","SEB","MARINE HARVEST"
"32623","32623","1","IMPORT","","0.0","","1","SEB","SEREBIS"
"32640","32640","1","IMPORT","","0.0","","1","SEB","BERNI"
"32650","32650","1","IMPORT","","0.0","","1","SEB","RAMON"
"32651","32651","1","IMPORT","","0.0","","1","SEB","ROMANZIN"
"32652","32652","1","IMPORT","","0.0","","1","SEB","ROUTHIAU"
"32674","32674","1","IMPORT","","0.0","","1","SEB","ETS CHAPIN"
"32805","32805","1","IMPORT","","0.0","","1","SEB","MARION"
"32806","32806","1","IMPORT","","0.0","","1","SEB","MAISON"
"32807","32807","1","IMPORT","","0.0","","1","SEB","MANDAN"
"32809","32809","1","IMPORT","","0.0","","1","SEB","MARTINIQUE VIANDES"
"32846","32846","1","IMPORT","","0.0","","1","SEB","ISIGNY LAITA"
"32847","32847","1","IMPORT","","0.0","","1","SEB","I.R.L."
"32848","32848","1","IMPORT","","0.0","","1","SEB","CHARLES AMAND"
"32849","32849","1","IMPORT","","0.0","","1","SEB","CHARCUTERIE"
"32967","32967","1","IMPORT","","0.0","","1","SEB","MALAGUTTI VEZINHET"
"32988","32988","1","IMPORT","","0.0","","1","SEB","CS FRANCE"
"32989","32989","1","IMPORT","","0.0","","1","SEB","CRF 2000"
"32990","32990","1","IMPORT","","0.0","","1","SEB","CRAPAIN"
"33519","33519","1","IMPORT","","0.0","","1","SEB","FORCHY PATISSIER SA"
"34342","34342","1","IMPORT","","0.0","","1","SEB","SOMEXPORT SAS"
"34675","34675","1","IMPORT","","0.0","","1","SEB","LA LEGUMERIE DE LA COTE D'OPAL"
"35133","35133","1","IMPORT","","0.0","","1","SEB","SOVIBA"
"35544","35544","1","IMPORT","","0.0","","1","SEB","FRANCE PRUNE"
"37000","37000","1","IMPORT","","0.0","","1","SEB","CARPIQUET"
"37010","37010","1","IMPORT","","0.0","","1","SEB","FONTENEAU"
"37232","37232","1","IMPORT","","0.0","","1","SEB","GERMANAUD ET CIE"
"37233","37233","1","IMPORT","","0.0","","1","SEB","GLAC COMMERCIAL"
"37234","37234","1","IMPORT","","0.0","","1","SEB","GRAINDORGE"
"38000","38000","1","IMPORT","","0.0","","1","SEB","CAMPINA B.V KAAS"
"38001","38001","1","IMPORT","","0.0","","1","SEB","CANDIA"
"38004","38004","1","IMPORT","","0.0","","1","SEB","LA CELTIQUE"
"38007","38007","1","IMPORT","","0.0","","1","SEB","COOPEX"
"38008","38008","1","IMPORT","","0.0","","1","SEB","COOPERL"
"38010","38010","1","IMPORT","","0.0","","1","SEB","COLOR"
"38028","38028","1","IMPORT","","0.0","","1","SEB","DUBOEUF GEORGES"
"38029","38029","1","IMPORT","","0.0","","1","SEB","DOMALAIT"
"38036","38036","1","IMPORT","","0.0","","1","SEB","SOVICO GACE"
"38038","38038","1","IMPORT","","0.0","","1","SEB","VERGERS DES CABANNES"
"38039","38039","1","IMPORT","","0.0","","1","SEB","VOLYSTAR"
"38040","38040","1","IMPORT","","0.0","","1","SEB","VERNIERES"
"38044","38044","1","IMPORT","","0.0","","1","SEB","LES AULX DU SUD OUEST"
"38047","38047","1","IMPORT","","0.0","","1","SEB","AERO"
"38048","38048","1","IMPORT","","0.0","","1","SEB","AGIS"
"38049","38049","1","IMPORT","","0.0","","1","SEB","AUBRET S.A."
"38050","38050","1","IMPORT","","0.0","","1","SEB","ARRO"
"38053","38053","1","IMPORT","","0.0","","1","SEB","JOVIN A CREANCES"
"38071","38071","1","IMPORT","","0.0","","1","SEB","DACOMEX"
"38072","38072","1","IMPORT","","0.0","","1","SEB","DACO"
"38073","38073","1","IMPORT","","0.0","","1","SEB","DANDIEU"
"38080","38080","1","IMPORT","","0.0","","1","SEB","CEDILAC"
"38103","38103","1","IMPORT","","0.0","","1","SEB","PER'INTER"
"38104","38104","1","IMPORT","","0.0","","1","SEB","PERRIN"
"38109","38109","1","IMPORT","","0.0","","1","SEB","JEAN D'AUBERVAL"
"38110","38110","1","IMPORT","","0.0","","1","SEB","JEAN PERRIN"
"38200","38200","1","IMPORT","","0.0","","1","SEB","DEXPA"
"38826","38826","1","IMPORT","","0.0","","1","SEB","LAURENT ANDRE"
"39638","39638","1","IMPORT","","0.0","","1","SEB","ALAZART"
"39639","39639","1","IMPORT","","0.0","","1","SEB","ALSACE LAITIERE"
"40402","40402","1","IMPORT","","0.0","","1","SEB","LAITERIE LE GALL"
"40406","40406","1","IMPORT","","0.0","","1","SEB","LAITERIE DE SAINT MALO"
"40407","40407","1","IMPORT","","0.0","","1","SEB","LAITERIE DE SAINT DENIS"
"41025","41025","1","IMPORT","","0.0","","1","SEB","IFLS"
"43731","43731","1","IMPORT","","0.0","","1","SEB","ASTRA CALVE"
"44142","44142","1","IMPORT","","0.0","","1","SEB","VALCREST"
"46011","46011","1","IMPORT","","0.0","","1","SEB","BOCADOU"
"46932","46932","1","IMPORT","","0.0","","1","SEB","UCKO"
"47259","47259","1","IMPORT","","0.0","","1","SEB","STE NEOCEA DESKA"
"48345","48345","1","IMPORT","","0.0","","1","SEB","CELYS"
"48346","48346","1","IMPORT","","0.0","","1","SEB","CERELIA"
"49556","49556","1","IMPORT","","0.0","","1","SEB","MENISSEZ JACQUES"
"49557","49557","1","IMPORT","","0.0","","1","SEB","MERICQ"
"50137","50137","1","IMPORT","","0.0","","1","SEB","LA BOVIDA"
"51258","51258","1","IMPORT","","0.0","","1","SEB","MARTINEZ P."
"59669","59669","1","IMPORT","","0.0","","1","SEB","SOPRAT"
"59985","59985","1","IMPORT","","0.0","","1","SEB","SARL MAUBERT"
"59986","59986","1","IMPORT","","0.0","","1","SEB","GOURMET FOOD FRANCE"
"59987","59987","1","IMPORT","","0.0","","1","SEB","TAYLOR PRESTON"
"61880","61880","1","IMPORT","","0.0","","1","SEB","STE FRAMOSA (LA MONEGASQUE)"
"61881","61881","1","IMPORT","","0.0","","1","SEB","* UTILISER"
"70000","70000","1","ASP","","0.0","","1","SEB","CAP VIANDE"
"70001","70001","1","ASP","","0.0","","1","SEB","COCHON PAYS"
"70003","70003","1","ASP","","0.0","","1","SEB","AGC VOLAILLE"
"70004","70004","1","ASP","","0.0","","1","SEB","SARL MAUBERT"
"70053","70053","1","ASP","","0.0","","1","SEB","MARCHE CARAIBES CAP CREOLE"
"71718","71718","1","IMPORT","","0.0","","1","SEB","BARRAL"
"71719","71719","1","IMPORT","","0.0","","1","SEB","BAHIER"
"71720","71720","1","IMPORT","","0.0","","1","SEB","BAMAPPRO"
"71721","71721","1","IMPORT","","0.0","","1","SEB","BUTET"
"71740","71740","1","IMPORT","","0.0","","1","SEB","PROMOGEL/VALINDUS"
"71744","71744","1","IMPORT","","0.0","","1","SEB","LACTALIS GALBANI"
"71753","71753","1","IMPORT","","0.0","","1","SEB","COMBS"
"75012","75012","1","IMPORT","","0.0","","1","SEB","BOULANGERIE"
"75013","75013","1","IMPORT","","0.0","","1","SEB","BOULANGERE SERVIVES (LA)"
"75020","75020","1","IMPORT","","0.0","","1","SEB","BOULE D'OR"
"77775","77775","1","IMPORT","","0.0","","1","SEB","ST MICHEL"
"78328","78328","1","IMPORT","","0.0","","1","SEB","ADRIMEX"
"78329","78329","1","IMPORT","","0.0","","1","SEB","A B TECHNOLOGIE"
"78330","78330","1","IMPORT","","0.0","","1","SEB","ABC INDUSTRIE"
"80000","80000","1","IMPORT","","0.0","","1","SEB","LACTALIS MDD/N1/1PRIX"
"80586","80586","1","IMPORT","","0.0","","1","SEB","COPADEL"
"81563","81563","1","IMPORT","","0.0","","1","SEB","HARRY'S"
"81564","81564","1","IMPORT","","0.0","","1","SEB","HAFNORS"
"82084","82084","1","IMPORT","","0.0","","1","SEB","LEVESQUE"
"82266","82266","1","IMPORT","","0.0","","1","SEB","TALLEC"
"82269","82269","1","IMPORT","","0.0","","1","SEB","TARTEFRAIS"
"82360","82360","1","IMPORT","","0.0","","1","SEB","MAITRE PRUNILLE"
"82361","82361","1","IMPORT","","0.0","","1","SEB","MAITRE COQ"
"82560","82560","1","IMPORT","","0.0","","1","SEB","OMEX"
"82562","82562","1","IMPORT","","0.0","","1","SEB","PETIT BASQ"
"82563","82563","1","IMPORT","","0.0","","1","SEB","POLETTE"
"82564","82564","1","IMPORT","","0.0","","1","SEB","ONEX"
"82565","82565","1","IMPORT","","0.0","","1","SEB","ONITIK"
"83304","83304","1","IMPORT","","0.0","","1","SEB","JACQUES BENOIT"
"83305","83305","1","IMPORT","","0.0","","1","SEB","JACQUET"
"87999","87999","1","IMPORT","","0.0","","1","SEB","EURO DLIC"
"88401","88401","1","IMPORT","","0.0","","1","SEB","COUDENE"
"88402","88402","1","IMPORT","","0.0","","1","SEB","CROUZAT"
"88403","88403","1","IMPORT","","0.0","","1","SEB","CROC FRAIS"
"88642","88642","1","IMPORT","","0.0","","1","SEB","LACTALIS PRIMEVERE"
"88646","88646","1","IMPORT","","0.0","","1","SEB","VANEL"
"88992","88992","1","IMPORT","","0.0","","1","SEB","LA FRICASSEE"
"88993","88993","1","IMPORT","","0.0","","1","SEB","BORDEAU CHENEL"
"88999","88999","1","IMPORT","","0.0","","1","SEB","EURO DOUGH"
"89004","89004","1","IMPORT","","0.0","","1","SEB","CAMPOFRIO MONTAGNE NOIRE"
"89008","89008","1","IMPORT","","0.0","","1","SEB","TRISKEL"
"89010","89010","1","IMPORT","","0.0","","1","SEB","TRIBALLAT ROYAL"
"89011","89011","1","IMPORT","","0.0","","1","SEB","THIOL"
"89015","89015","1","IMPORT","","0.0","","1","SEB","TRIPES PAILLARD"
"89181","89181","1","IMPORT","","0.0","","1","SEB","LACTALIS PRESIDENT"
"89250","89250","1","IMPORT","","0.0","","1","SEB","VEDIAL"
"89272","89272","1","IMPORT","","0.0","","1","SEB","AQUALANDE"
"89273","89273","1","IMPORT","","0.0","","1","SEB","CORICO"
"90019","90019","1","ASP","","0.0","","1","SEB","KARUMARK"
"90053","90053","1","ASP","","0.0","","1","SEB","PRESTADIAL"
"90269","90269","1","IMPORT","","0.0","","1","SEB","SIF FRANCE"
"90289","90289","1","IMPORT","","0.0","","1","SEB","PATISSERIE IMPORT"
"90290","90290","1","IMPORT","","0.0","","1","SEB","BROSSARD EXPORT"
"90295","90295","1","IMPORT","","0.0","","1","SEB","PATISFRANC"
"90305","90305","1","IMPORT","","0.0","","1","SEB","MAUBERT"
"90363","90363","1","IMPORT","","0.0","","1","SEB","OSFA"
"90364","90364","1","IMPORT","","0.0","","1","SEB","MORE CODFISH"
"90387","90387","1","IMPORT","","0.0","","1","SEB","FRUITS D'OR"
"90393","90393","1","IMPORT","","0.0","","1","SEB","PROVENCE"
"90471","90471","1","IMPORT","","0.0","","1","SEB","COMPTOIR DU CAVIAR"
"90472","90472","1","IMPORT","","0.0","","1","SEB","ERMITAGE"
"90473","90473","1","IMPORT","","0.0","","1","SEB","ESPANA"
"90474","90474","1","IMPORT","","0.0","","1","SEB","ESTEBAN"
"90634","90634","1","IMPORT","","0.0","","1","SEB","PAN FISH FRANCE"
"90666","90666","1","IMPORT","","0.0","","1","SEB","LA BELLE CROUSTEL."
"90667","90667","1","IMPORT","","0.0","","1","SEB","LA BACALADERA"
"90786","90786","1","IMPORT","","0.0","","1","SEB","BONNY"
"90793","90793","1","IMPORT","","0.0","","1","SEB","PRODIREST SNC LAVAL"
"90957","90957","1","IMPORT","","0.0","","1","SEB","BROCELIANDE"
"91156","91156","1","IMPORT","","0.0","","1","SEB","QUICK B."
"91508","91508","1","IMPORT","","0.0","","1","SEB","HIPPOVIANDES"
"91817","91817","1","IMPORT","","0.0","","1","SEB","KAASBRICK"
"91894","91894","1","IMPORT","","0.0","","1","SEB","VOLYSTAR"
"96681","96681","1","IMPORT","","0.0","","1","SEB","LOSFELD"
"96738","96738","1","IMPORT","","0.0","","1","SEB","BONBEC"
"96759","96759","1","IMPORT","","0.0","","1","SEB","ALIMENTAIRE"
"97030","97030","1","IMPORT","","0.0","","1","SEB","CHIRAG"
"97033","97033","1","IMPORT","","0.0","","1","SEB","RIVIERA"
"97066","97066","1","IMPORT","","0.0","","1","SEB","UNION ISIGNY"
"97095","97095","1","IMPORT","","0.0","","1","SEB","SAVIEL"
"97164","97164","1","IMPORT","","0.0","","1","SEB","CHEVALIER"
"97165","97165","1","IMPORT","","0.0","","1","SEB","CH & ALI."
"97166","97166","1","IMPORT","","0.0","","1","SEB","CHARLES ET ALICE"
"97182","97182","1","IMPORT","","0.0","","1","SEB","SENGELE"
"97195","97195","1","IMPORT","","0.0","","1","SEB","SOMAUDEX"
"97291","97291","1","IMPORT","","0.0","","1","SEB","SPANCHERO"
"97364","97364","1","IMPORT","","0.0","","1","SEB","ETS HOUEL"
"97379","97379","1","IMPORT","","0.0","","1","SEB","BONTJE KAAS B.V."
"97472","97472","1","IMPORT","","0.0","","1","SEB","ROUX"
"97486","97486","1","IMPORT","","0.0","","1","SEB","M.H.P. PRODUC."
"97624","97624","1","IMPORT","","0.0","","1","SEB","FRANCO AFRICAINE DE NEGOCE"
"97625","97625","1","IMPORT","","0.0","","1","SEB","FROMAGERIE DE LIVAROT"
"97718","97718","1","IMPORT","","0.0","","1","SEB","FROMAGERIE OCCITANE"
"97749","97749","1","IMPORT","","0.0","","1","SEB","LAITA"
"97893","97893","1","IMPORT","","0.0","","1","SEB","BISTRIAL SA COLIBRI LILLOISE"
"97938","97938","1","IMPORT","","0.0","","1","SEB","TRADI CHARCUTERIE"
"98055","98055","1","IMPORT","","0.0","","1","SEB","TRADITION TRAITEUR"
"98160","98160","1","IMPORT","","0.0","","1","SEB","FLEURY MICHON INTERNATIONAL"
"98208","98208","1","IMPORT","","0.0","","1","SEB","SAL. TERRADOU"
"98283","98283","1","IMPORT","","0.0","","1","SEB","AGRI-CONDIMENTS"
"98400","98400","1","IMPORT","","0.0","","1","SEB","STALAVEN"
"98410","98410","1","IMPORT","","0.0","","1","SEB","LE JAMBON CRU D'AOSTE"
"98455","98455","1","IMPORT","","0.0","","1","SEB","SCOFF"
"98549","98549","1","IMPORT","","0.0","","1","SEB","STE BRETONNE SALAISON L GAD"
"98580","98580","1","IMPORT","","0.0","","1","SEB","EUROPAL"
"98582","98582","1","IMPORT","","0.0","","1","SEB","LE GOFF"
"98708","98708","1","IMPORT","","0.0","","1","SEB","STE ANOM DE CAVES PRODUT"
"98741","98741","1","IMPORT","","0.0","","1","SEB","RIBERVALES FOODS COMPANY"
"98808","98808","1","IMPORT","","0.0","","1","SEB","C.MARION"
"98884","98884","1","IMPORT","","0.0","","1","SEB","LESCURE BOUGON"
"98934","98934","1","IMPORT","","0.0","","1","SEB","SODIAAL"
"98940","98940","1","IMPORT","","0.0","","1","SEB","EVEN"
"99093","99093","1","IMPORT","","0.0","","1","SEB","LUSTUCRU FRAIS"
"99123","99123","1","IMPORT","","0.0","","1","SEB","UNILEVER EXPORT"
"99182","99182","1","IMPORT","","0.0","","1","SEB","VANDENOOR"
"99193","99193","1","IMPORT","","0.0","","1","SEB","BRIDEL LAITERIES SCE EXPORT"
"99194","99194","1","IMPORT","","0.0","","1","SEB","BRUNET"
"99239","99239","1","IMPORT","","0.0","","1","SEB","SOUCHON D'AUVERGNE"
"99313","99313","1","IMPORT","","0.0","","1","SEB","INTERABA"
"99325","99325","1","IMPORT","","0.0","","1","SEB","MICELI"
"99344","99344","1","IMPORT","","0.0","","1","SEB","DOM PETRO"
"99345","99345","1","IMPORT","","0.0","","1","SEB","DOREMUS"
"99730","99730","1","IMPORT","","0.0","","1","SEB","ANTICA PAS"
"99731","99731","1","IMPORT","","0.0","","1","SEB","ANTILLES MER"
"99749","99749","1","IMPORT","","0.0","","1","SEB","LOSTE"
"99999","99999","1","IMPORT","","0.0","","1","SEB","SOGEDIAL"
"99999","99999","1","ASP","","0.0","","1","GUA","NON DETERMINE"
