,001,YAOURTS,,,
,002,DESSERTS,,,
,003,SUISSES,,,
,004,"FROMAGES FRAIS",,,
,005,"CREME FRAICHE/PDTS BASE CREME",,,
,006,"JUS ET NECTAR FRUITS FRAIS",,,
,008,"LAIT FRAIS",,,
,016,"BEURRE ET SPEC.LAITIERES",,,
,017,"MARGARINE & GRAISSE A F",,,
,018,"PATE A TARTINER",,,
,019,"LAIT LONGUE CONSERVATION",,,
,020,"PRODUIT LAITIER UHT/ AUTRE UHT",,,
,021,OEUFS,,,
,022,"FROMAGES LIBRE SERVICE",,,
,023,"CUBE APERITIF",,,
,029,"OVOPRODUITS PRODUITS DE RHF)",,,
,031,"CHARCUTERIE PRE-EMBALLEE",,,
,032,"JB & SCISSON SEC LS/VERRINE",,,
,033,"TRAITEUR LS",,,
,034,"CHARCUTERIE HALLAL/CASHER",,,
,041,"POISSONS FUMES / SALES /SECHES",,,
,042,MARINADES,,,
,043,"PRODUITS CANAPES",,,
,044,"PRODUITS TRAITEURS DE LA MER",,,
,050,"POULET LS",,,
,051,"DINDE LS",,,
,052,"CANARD ET OIE LS",,,
,053,"PINTADE LS",,,
,054,"CAILLE PIGEON GIBIER LS",,,
,055,"LAPIN LS",,,
,056,"ABATS DE VOLAILLE CRU LS",,,
,057,"ELABORES CUITS ET CRUS LS",,,
,058,"ALIMENTS POUR ANIMAUX LS",,,
,060,"BOEUF LS",,,
,061,"VEAU LS",,,
,062,"AGNEAU LS",,,
,064,"PORC LS",,,
,065,"CHEVAL LS",,,
,066,"STEAK HACHE LS",,,
,067,"SNACK LS",,,
,068,"ABATS CRUS LS",,,
,069,"AUTRES VIANDES LS",,,
,070,"VIANDES POUR ANIMAUX LS",,,
,071,"DECOUPE VOLAILLE BOUCHERIE LS",,,
,080,"POTAGES ET ENTREES SURGELES",,,
,081,"POISSONS, F.DE MER,ESCARG. SRG",,,
,082,"VIANDES ET ABATS SURGELES",,,
,083,"GARNITURES DE P. DE TERRE SRG",,,
,084,"LEGUMES SURGELES",,,
,085,"PLATS CUISINES SURGELES",,,
,086,"PATISSERIES ET PATES SURGELEES",,,
,087,"FRUITS ET JUS DE FRT SURGELES",,,
,088,"AIDES CULINAIRES",,,
,090,"GLACES VRAC",,,
,091,"GLACES DETENTE",,,
,092,"SPEC.INDIV. A PARTAGER GLACES",,,
,100,"CHARCUTERIE COUPE",,,
,1000,GAZEIFIES,,,10
,1001,"NON GAZEIFIES",,,10
,1002,SIROPS,,,10
,1009,"SNACKING SOFTS DRINKS",,,10
,101,"TRAITEUR COUPE",,,
,1010,"BIERES ET PANACHES",,,10
,1011,CIDRES,,,10
,1019,"SNACKING BIERES ET CIDRES",,,10
,102,"STAND PIZZA QUICHE",,,
,1020,"EAUX PLATES",,,10
,1021,"EAUX GAZEUSES",,,10
,1022,"EAUX AROMATISEES",,,10
,1029,"SNACKING EAUX",,,10
,103,"STAND ROTISSERIE",,,
,1030,"VINS DE TABLES/PAYS",,,10
,1031,"VQPRD BLANCS",,,10
,1032,"VQPRD ROSES",,,10
,1033,"VQPRD ROUGES/HORS BORDEAUX",,,10
,1034,"VQPRD BORDEAUX ROUGES",,,10
,1035,"VINS FINS/ETRANGERS",,,10
,1036,CHAMPAGNES,,,10
,1037,"MOUSSEUX/VINS PETILL.",,,10
,1039,"SNACKING VINS",,,10
,104,"STAND SANDWICH",,,
,1040,APERITIFS,,,10
,1041,ALCOOLS,,,10
,1042,DIGESTIFS,,,10
,1049,"SNACKING SPIRITUEUX",,,10
,105,"CHARCUTERIE FRAIS EMBALLE",,,
,106,"TRAITEUR FRAIS EMBALLE",,,
,108,"STAND HMR",,,
,1098,"CAISSE RAYON 10",,,10
,1099,"REMBOURSEMENT LIQUIDE",,,10
,110,"FROMAGE A LA COUPE",,,
,1100,VITRES,,,11
,1101,"FOURS ET METAUX",,,11
,1102,"MEUBLES ET SOLS",,,11
,1103,"NETTOYANTS MULTI-USAGE",,,11
,1104,"ENTRETIEN SANITAIRE",,,11
,1105,EPONGES,,,11
,1106,"DETERGENT VAISSELLE",,,11
,1107,"DETERGENT LAVE-VAISSELLE",,,11
,1108,PAPIER-MENAGE,,,11
,1109,"DESODORISANT MAISON",,,11
,111,"AUTRE CREMERIE A LA COUPE",,,
,1110,CUIRS-CHAUSSURES,,,11
,1111,"PRODUITS FEUX",,,11
,1112,INSECTICIDES,,,11
,112,"FROMAGES FRAIS EMBALLES",,,
,1120,SAVONS-MENAGE,,,11
,1121,"ENTRETIEN LINGE",,,11
,1122,"PRODUITS DE LAVAGE",,,11
,1123,ADOUCISSANT,,,11
,1198,"CAISSE RAYON 11",,,11
,1199,"GESTION METIER DROGUERIE",,,11
,1200,"PAPIERS HYGIENIQUES",,,12
,1201,"MOUCHOIRS EN PAPIER",,,12
,1202,COUCHES,,,12
,1203,INCONTINENCE,,,12
,1204,"HYGIENE FEMININE",,,12
,1205,COTON,,,12
,1206,"PRODUITS NETTOYANTS",,,12
,1210,"SAVONS DE TOILETTE",,,12
,1211,"BAINS DOUCHES",,,12
,1212,DENTIFRICES,,,12
,1213,"BROSSES A DENTS",,,12
,1214,"HYGIENE BEBE",,,12
,1220,SHAMPOOINGS,,,12
,1221,"APRES-SHAMPOOINGS, SOINS",,,12
,1222,"TRAITEMENTS ET SOINS",,,12
,1223,FIXATEURS,,,12
,1224,COLORATION,,,12
,1230,MAQUILLAGE,,,12
,1231,"PARFUMERIE ALCOOLIQUE",,,12
,1232,DEODORANTS,,,12
,1233,"BROSSERIE ET ACCESSOIRES",,,12
,1240,"SOINS DU VISAGE",,,12
,1241,"SOINS DU CORPS",,,12
,1242,"SOINS DES MAINS",,,12
,1243,"SOINS DES PIEDS",,,12
,1244,"PRODUITS SOLAIRES",,,12
,1245,INSECTIFUGES,,,12
,1250,"TOILETTE HOMME",,,12
,1251,RASAGE,,,12
,1252,"PDS AP RASAGE, E DE T HOMME",,,12
,1253,DEODORANTS,,,12
,1260,"PANSEMENT ET COMPLEMENTS",,,12
,1261,"COMPLEMENTS ALIMENTAIRES",,,12
,1298,"CAISSE RAYON 12",,,12
,1299,"GESTION METIER PARFUMERIE",,,12
,135,"PORC TRAD",,,
,136,"VOLAILLE TRAD",,,
,139,"PRODUITS ELABORES TRAD",,,
,1400,PANIFICATION,,,14
,1401,"CEREALES ET BARRES",,,14
,1402,CONFITURES,,,14
,1403,"MIELS ET CREMES",,,14
,1404,"PATES A TARTINER",,,14
,1405,"CAFES TORREFIES",,,14
,1406,"CAFES SOLUBLES ET CHICOREE",,,14
,1407,"THES - INFUSIONS",,,14
,1408,"PETITS DEJ. INSTANTANES",,,14
,1409,LAITS,,,14
,1410,"BISCUITS SECS",,,14
,1411,"CHOCOLATES, FRUITES",,,14
,1412,GOUTERS,,,14
,1413,"ASSORTIMENT, DESSERTS",,,14
,1414,POCKETS,,,14
,1415,PATISSERIE,,,14
,1419,"SNACKING BISCUITS SUCRES",,,14
,1420,"TABLETTES DE CHOCOLAT",,,14
,1421,"CONFISERIE DE CHOCOLAT",,,14
,1422,"CONFISERIE DE SUCRE",,,14
,1423,"PATES DE FRUITS, NOUGATS",,,14
,1424,CHEWING-GUM,,,14
,1425,"CHOCOLATS SAISONNIERS NOEL",,,14
,1426,"CHOCOLATS SAISONNIERS PAQUES",,,14
,1429,"SNACKING CONFISERIE",,,14
,1430,"FRUITS AUX SIROP",,,14
,1431,COMPOTES,,,14
,1432,"DESSERTS PREPARES",,,14
,1433,"DESSERTS A PREPARER",,,14
,1434,"AIDES A LA PATISSERIE",,,14
,1435,SUCRES,,,14
,1436,FARINES,,,14
,1437,"PRODUITS DIETETIQUES BIO",,,14
,1439,"SNACKING DESSERTS, AIDE PATISS",,,14
,1440,"JUS FRUITS, FRUIT, GOUTER",,,14
,1441,"REPAS LEGUME,LEGUM/VIANDE",,,14
,1442,"FARINE CEREALE,PETIT DEJ",,,14
,1443,"LAITS INFANTILES",,,14
,1449,"SNACKING ALIMENTS INFANTILES",,,14
,1450,POTAGES,,,14
,1451,PATES,,,14
,1452,SEMOULES/COUSCOUS,,,14
,1453,"LEGUMES SECS",,,14
,1454,RIZ,,,14
,1455,PUREE,,,14
,1459,"SNACKING POTAGES, PATES, FECUL",,,14
,1460,"CONSERVES LEG.VERTS",,,14
,1461,"CONSERVES AUTRES LEG.",,,14
,1462,"CONSERVE MAIS,EXOT,SALADE",,,14
,1463,"CONSERVES CHAMPIGNONS",,,14
,1464,"CONSERVES POISSONS",,,14
,1465,"CONSERVES VIANDES PATES",,,14
,1466,"PLATS CUISINES",,,14
,1467,"PRODUITS DU MONDE",,,14
,1469,"SNACKING CONSERVES ET PLATS CU",,,14
,1470,CONDIMENTS,,,14
,1471,"SAUCES FROIDES",,,14
,1472,"SAUCES CHAUDES",,,14
,1473,"HUILES ET VINAIGRES",,,14
,1474,"SELS ET EPICES",,,14
,1475,"BOUILLON,AIDE CULINAIRE",,,14
,1479,"SNACKING CONDIMENTS ET ASSAISO",,,14
,1480,"GRAINES ET MELANGES",,,14
,1481,"BISCUITS SALES",,,14
,1482,SOUFFLES-EXTRUDES,,,14
,1483,"AUTRES PRODUITS APERITIFS",,,14
,1484,CHIPS,,,14
,1489,"SNACKING PRODUITS POUR APERITI",,,14
,1490,"ALIMENTS POUR CHIENS",,,14
,1491,"ALIMENTS POUR CHATS",,,14
,1492,RONGEUR,,,14
,1493,OISEAUX,,,14
,1494,"BASSE COUR",,,14
,1495,POISSONS,,,14
,1496,"NOUVEAUX ANIMEAUX DE COMPAGNIE",,,14
,1498,"CAISSE RAYON 14",,,14
,1499,"REMBOURSEMENTS EPICERIE",,,14
,154,"COQUILLAGE ET MOLLUSQUES",,,
,157,"POISSONNERIE FRAICHE PRE EMBAL",,,
,161,PAINS,,,
,162,VIENNOISERIES,,,
,163,"PATISSERIE FRAICHE",,,
,165,"PATISSERIE SECHE",,,
,167,"CHOCOLAT FRAIS",,,
,169,"MATIERES PREMIERES BOULANGERIE",,,
,170,"MATIERES PREMIERS PATISSERIE",,,
,182,"FRUITS SECS",,,
,185,"4EME GAMME",,,
,186,"5EME GAMME",,,
,1900,"TOILETTE DU VISAGE",,,19
,1901,"SOINS DU VISAGE",,,19
,1902,"SPECIFIQUES VISAGE",,,19
,1903,"SOINS DU CORPS",,,19
,1904,"SPECIFIQUES CORPS",,,19
,1905,SOLAIRES,,,19
,1910,TOILETTE,,,19
,1911,"HYGIENE BUCCO-DENTAIRE",,,19
,1912,"HYGIENE DES PIEDS",,,19
,1913,"PREMIERS SOINS",,,19
,1914,"HYGIENE FEMININE",,,19
,1915,DIVERS,,,19
,1920,SHAMPOINGS,,,19
,1921,"SOINS CAPILLAIRES",,,19
,1922,COLORATION,,,19
,1923,"ACCESSOIRES CAPILLAIRES",,,19
,1930,"TOILETTE DU BEBE",,,19
,1931,"ALIMENTATION INFANTILE",,,19
,1932,"ACCESSOIRES BEBE",,,19
,1940,"ALIMENTATION DIETETIQUE",,,19
,1941,PHYTOTHERAPIE,,,19
,1942,"COMPLEMENTS ALIMENTAIRE",,,19
,1950,"SOINS DE L'HOMME",,,19
,1951,PARFUMS,,,19
,1952,"PRODUITS PARFUMANTS",,,19
,1960,"MAQUILLAGE DU TEINT",,,19
,1961,"MAQUILLAGE DES YEUX",,,19
,1962,"MAQUILLAGE DES LEVRES",,,19
,1963,"MAQUILLAGE DES ONGLES",,,19
,1964,"DIVERS MAQUILLAGE",,,19
,1980,"SOINS CABINE EPILATIONS FEMME",,,19
,1981,"SOINS CABINES VISAGE FEMME",,,19
,1982,"SOINS CABINES CORPS FEMME",,,19
,1983,"SOINS CABINES HOMME ENFANT-ADO",,,19
,1984,"SOINS MISE EN BEAUT?  ATELIERS",,,19
,1985,"PRODUITS RETAIL FEMME INSTITUT",,,19
,1986,"PDTS RETAIL HOMME ENFANT ADO M",,,19
,1987,"MATERIELS ET CONSOMMABLES INST",,,19
,1988,"ECONOMAT, PUBLICITE, ALIMENTAI",,,19
,1989,"NON UTILISEU",,,19
,1990,DIVERS,,,19
,1998,"CAISSE RAYON 19",,,19
,1999,"REMBOURSEMENT PARAPHARMACIE",,,19
,2000,"JAMBON CUIT",,,20
,2001,"SALAISON,SAUCISSON CUITS",,,20
,2002,"VIANDE,JAMBON: SECS, CRUS",,,20
,2003,PATES,,,20
,2004,"CHARCUTERIE A CUIRE",,,20
,2005,SALAISONS,,,20
,201,"PANIFICATION SECHE",,,
,2010,"CHARCUTERIE EMBAL PROGRE.",,,20
,2011,"CHARCUTERIE LS INDUSTRIEL",,,20
,202,"PAINS SPECIAUX EMBALLES",,,
,2020,"APERITIF, LEGUMES MARINES",,,20
,2021,SALADES,,,20
,2022,"ENTREES FROIDES",,,20
,2023,"ENTREES CHAUDES",,,20
,2024,"CUISINES DU MONDE",,,20
,2025,"PLATS CUISINES",,,20
,2026,"PATES FRAICHES ET SAUCES",,,20
,2027,"PRODUITS FESTIFS",,,20
,203,"BISCUITERIE SUCREE",,,
,2030,"TRAITEUR LS EMBAL PROGRESSIF",,,20
,2031,"POINT RESTAURATION",,,20
,2032,"APERIT.LEGUM MARI LS IND.",,,20
,2033,"SALADES LS INDUSTRIELLE",,,20
,2034,"ENTREES FROIDES LS INDUS.",,,20
,2035,"ENTREES CHAUDES LS INDUS.",,,20
,2036,"QUICH.TART.TOURT.PIZZA LS",,,20
,2037,"CUISINES DU MONDE",,,20
,2038,"PLATS CUISINES",,,20
,2039,"PATES FRAICHES ET SAUCES",,,20
,204,PATISSERIE-INDUSTRIELLE,,,
,2040,"ROTISSERIE CUIT SUR PLACE",,,20
,2041,"PIZZA ET QUICHE",,,20
,2042,"CUISINE ASSEMBLAGE POELON",,,20
,205,"PRODUITS POUR APERITIF",,,
,2050,"PATES MOLLES",,,20
,2051,"PATES PERSILLEES",,,20
,2052,CHEVRES/BREBIS,,,20
,2053,"P.FRAICHE,FONDU ET ALLEGE",,,20
,2054,"PATES PRESSES CUITES",,,20
,2055,"PATES PRESSES NON CUITES",,,20
,2056,"FROMAGE BIOLOGIQUE",,,20
,2057,"FROMAGE TYPIQUE REGIONAUX",,,20
,2058,"CREMERIE ET OEUF VRAC",,,20
,2059,"FROMAGE EMBAL.PROGRESSIF",,,20
,206,"CAFES TORREFIES",,,
,2060,"STAND ANIM CHARC-TRAITEUR",,,20
,2061,"STAND ANIMATION FROMAGE",,,20
,207,"CAFES CHICOREES SOLUBLES",,,
,208,"POUDRES CHOCOLATEES",,,
,209,CEREALES,,,
,2090,"COMMANDE CLIENTS CHARCUT.",,,20
,2091,"COMMANDE CLIENTS FROMAGE",,,20
,2092,"ECONOMAT CHARCUTERIE",,,20
,2093,"ECONOMAT FROMAGE",,,20
,2098,"CAISSE RAYON 20",,,20
,2099,"REMBOURSEMENT CHARC/FROMAGE",,,20
,210,"THES ET INFUSIONS",,,
,2100,"PETITS POISSONS L SERVICE",,,21
,2101,"GROS POISSON L SERVICE",,,21
,2102,"POISSON PLAT L SERVICE",,,21
,2103,"POISSON D'EAU DOUCE L.S.",,,21
,2104,"FILET DE POISSON L.S.",,,21
,2105,"POISSON TRANSFORME L.S.",,,21
,211,"CHOCOLAT EN TABLETTES",,,
,2110,"PETIT POISSON STAND",,,21
,2111,"GROS POISSON STAND",,,21
,2112,"POISSON PLAT STAND",,,21
,2113,"POISSON D'EAU DOUCE STAND",,,21
,2114,"FILET DE POISSON STAND",,,21
,2115,"POISSON TRANSFORME STAND",,,21
,2116,"POISSON CONGELE",,,21
,212,"CONFISERIE DE SUCRE",,,
,2120,"CRUSTACE STAND",,,21
,2121,"COQUILLAGE STAND",,,21
,213,"CONFISERIE DE CHOCOLAT",,,
,2130,"CRUSTACE L.S.",,,21
,2131,"COQUILLAGE LIBRE SERVICE",,,21
,214,"ENTREMETS ET DESSERTS",,,
,2140,"HUITRES MARENNES",,,21
,2141,"HUITRES BRETONNES",,,21
,2142,"HUITRES NORMANDES",,,21
,2143,"HUITRES AUTRE ORIGINE",,,21
,215,"PRODUITS POUR PATISSERIE",,,
,216,"LAITS CONCENTRES ET POUDRES",,,
,217,SUCRES,,,
,218,"CHOCOLATS DE FETE",,,
,219,"PRODUITS DIETETIQUES",,,
,2190,"COMMANDES CLIENTS POISSON",,,21
,2191,"ECONOMAT POISSON",,,21
,2198,"CAISSE RAYON 21",,,21
,2199,"REMBOURSEMENT POISSONNERIE",,,21
,220,"EPICERIE FINE",,,
,2200,"AGRUMES VRACS",,,22
,2201,"AGRUMES CONDITIONNES",,,22
,2202,"FRUITS D'ETE VRAC",,,22
,2203,"FRUITS D'ETE CONDITIONNES",,,22
,2204,"FRUITS ROUGE VRACS",,,22
,2205,"FRUITS ROUGE CONDITIONNES",,,22
,2206,"FRUITS A PEPIN VRACS",,,22
,2207,"FRUITS A PEPIN CONDITIONNES",,,22
,221,FARINES,,,
,2210,"FRUITS EXOTIQUE VRACS",,,22
,2211,"FRUITS EXOTIQUE CONDITIONNES",,,22
,2212,"LEGUMES EXOTIQUES VRACS",,,22
,2213,"LEGUMES EXOTIQUES CONDITIONNE",,,22
,222,"PUREE FECULE SEMOULE",,,
,2220,SALADE,,,22
,2221,"CRUDITES VRACS",,,22
,2222,"CRUDITES CONDITIONNES",,,22
,2223,"LEGUMES A CUIRE VRACS",,,22
,2224,"LEGUMES A CUIRE CONDITIONNE",,,22
,2225,"CHAMPIGNONS VRACS",,,22
,2226,"CHAMPIGNONS CONDITIONNES",,,22
,2227,"POMMES DE TERRE VRACS",,,22
,2228,"POMMES DE TERRE CONDITIONNES",,,22
,2229,CONDIMENTS,,,22
,223,"PATES ALIMENTAIRES",,,
,2230,"FRUITS BIOLOGIQUES VRACS",,,22
,2231,"FRUITS BIOLOGIQUES CONDITIONNE",,,22
,2232,"LEGUMES BIOLOGIQUES VRACS",,,22
,2233,"LEGUMES BIOLOGIQUES CONDITIONN",,,22
,224,RIZ,,,
,2240,"SALADE 4EME/5EME GAMME",,,22
,2241,"CRUDITE 4EME/5EME GAMME",,,22
,2242,"PRODUIT PRECUIT 4E/5E GAMME",,,22
,2243,"PRODUIT CUIT 4E/5E GAMME",,,22
,2244,"CONDIMENT 4E/5E GAMME",,,22
,2245,"PRODUIT BIO 4E/5E GAMME",,,22
,2246,"MINI LEGUM 4E/5E GAMME",,,22
,2247,"SALADE FRUIT COND.4E/5E GAMME",,,22
,225,"LEGUMES SECS",,,
,2250,"FRUITS SECS VRACS",,,22
,2251,"FRUITS SECS CONDITIONNES",,,22
,2252,"LEGUMES SECS VRACS",,,22
,2253,"LEGUMES SECS CONDITIONNES",,,22
,226,"POTAGES ET BOUILLONS",,,
,2260,"OLIVES CONDITIONNEES",,,22
,227,"CONDIMENTS ET SAUCES",,,
,2270,"JUS FRUITS FAB SUR PLACE",,,22
,2271,"FRUITS PREPARES SUR PLACE",,,22
,2272,"LEGUME PREPARE SUR PLACE",,,22
,2273,"OLIVES VRACS",,,22
,2274,EPICES,,,22
,2275,SALADERIE,,,22
,2276,"MIELS ORIGINE ET QUALITE",,,22
,228,"SELS POIVRES EPICES",,,
,2280,"BOUQUETS COMPOSES",,,22
,2281,"FLEURS ISSUES DE BULBE",,,22
,2282,"FLEURS HERBACEES",,,22
,2283,"FLEURS LIGNEUSES",,,22
,2284,"FLEURS EXOTIQUES",,,22
,2285,COMPOSITION,,,22
,2286,FEUILLAGES,,,22
,2287,"PRODUITS FESTIFS",,,22
,229,"CHIPS NATURE",,,
,2290,"COMMANDE CLIENT FRUIT/LEGUMES",,,22
,2291,"ECONOMAT FRUITS ET LEGUMES",,,22
,2298,"CAISSE RAYON 22",,,22
,2299,"REMBOURSEMENT FRUIT ET LEGUMES",,,22
,230,"HUILES ALIMENTAIRES",,,
,2300,PAINS,,,23
,2301,"PAINS DE CAMPAGNE",,,23
,2302,"PAINS SPECIAUX",,,23
,2303,"PETITS PAINS",,,23
,2304,"PAINS BIOLOGIQUES",,,23
,231,"VINAIGRES ET VINAIGRETTES",,,
,2310,"CROISSANTS ET DERIVES",,,23
,2311,BRIOCHES,,,23
,2312,"AUTRES VIENNOISERIES",,,23
,232,"CONFIT. PATES A TARTINER MIEL",,,
,2320,"PATISSERIE SECHE",,,23
,2321,TARTES,,,23
,2322,"GRANDE PIECES",,,23
,2323,INDIVIDUELLES,,,23
,2324,"PATES ET SERVICES",,,23
,233,"FRUITS AU SIROP",,,
,2330,"CHOCOLATS MAISON",,,23
,2331,"CONFISERIES MAISON",,,23
,234,"CONSERVES DE LEGUMES",,,
,2340,"GLACE VRAC",,,23
,2341,"GLACE LIBRE SERVICE",,,23
,2342,"PATISSERIE GLACEE",,,23
,235,"CONSERVES DE POISSON",,,
,2350,"COMMANDE CLIENT BOULANG",,,23
,2351,"COMMANDE CLIENT VIENNOISE",,,23
,2352,"COMMANDE CLIENT PATIS",,,23
,236,"CONSERVES DE VIANDES",,,
,237,"PLATS CUISINES",,,
,238,"ALIMENTS POUR ENFANTS",,,
,2380,"ACHAT FABRIC PARTIEL BOUL",,,23
,2381,"ACHAT FABRIC PARTIEL VIEN",,,23
,2382,"ACHAT FABRIC PARTIEL PATI",,,23
,239,"ALIMENTS POUR ANIMAUX",,,
,2391,"EMBALLAGE BOUL/PATE",,,23
,2392,"MATIERE 1ERE BOUL/PATE",,,23
,2398,"CAISSE RAYON 23",,,23
,2399,"REMBOURSEMENT BOULANG/PATIS.",,,23
,2400,"VIANDES BOVINE BIO",,,24
,2401,"HACHE BIO",,,24
,2402,"VEAU BIO",,,24
,2403,"AGNEAU BIO",,,24
,2404,"PORC BIO",,,24
,2405,"SAUCISSE BIO",,,24
,2406,"VIANDE BOVINE ETNIQUE",,,24
,2407,"VEAU ETHNIQUE",,,24
,2408,"AGNEAU ETHNIQUE",,,24
,2410,"FQC RACE VIANDE",,,24
,2411,"FQC RACE MIXTE",,,24
,2412,VBF,,,24
,2413,TAUREAU,,,24
,2414,"VIANDE BOVINE 1/2 GROS",,,24
,2415,"HACHE BOEUF BARQUETTE",,,24
,2420,"VEAU FQC",,,24
,2421,"VEAU STAND",,,24
,2422,"VEAU HACHE",,,24
,2423,"PORC FQC",,,24
,2424,"PORC STD",,,24
,2425,"PORC 1/2 SEL",,,24
,2430,"AGNEAU FRANCAIS FQC",,,24
,2431,"AGNEAU FRANCAIS STAND",,,24
,2432,"AGNEAU IMPORT CONTROLE",,,24
,2433,"AGNEAU IMPORT STAND",,,24
,2434,"AGNEAU DE LAIT",,,24
,2435,MOUTON,,,24
,2436,CHEVREAU,,,24
,2440,CHEVAL,,,24
,2441,ABATS,,,24
,2442,"VIANDES EXOTIQUES",,,24
,2443,"GIBIER ? POIL",,,24
,2444,"GIBIER ? PLUME",,,24
,2445,"VIANDE POUR ANIMAUX",,,24
,2450,"CHAIR ET FARCE",,,24
,2451,CREPINETTES,,,24
,2452,"SAUCISSERIE BARQUETTES",,,24
,2453,"SAUCISSERIE CAISSETTES",,,24
,2454,BARBECUE,,,24
,2455,"SAUCES ET BEURRE",,,24
,2460,"VIANDE HEBDOPACK",,,24
,2461,"SPECIALITE BOUCHERE IND. BOEUF",,,24
,2462,"SPECIALITE BOUCHERE IND. VEAU",,,24
,2463,"SBI AGNEAU",,,24
,2464,"SBI PORC",,,24
,2465,"SBI ABATS",,,24
,2466,"SBI CHEVAL",,,24
,2467,"VIANDE PRET A MANGER",,,24
,2468,"VIANDE PRET A CUIRE",,,24
,2469,"VIANDE PRETE A RECHAUFFER",,,24
,2470,"VOLAILLE ENTIERE COUPE",,,24
,2471,"DECOUPE VOLAILLE COUPE",,,24
,2472,"VOLAILLE PREPAREE COUPE",,,24
,2480,"BOEUF A LA COUPE",,,24
,2481,"VEAU A LA COUPE",,,24
,2482,"AGNEAU/MOUTON A LA COUPE",,,24
,2483,"CHEVAL A LA COUPE",,,24
,2484,"PORC A LA COUPE",,,24
,2485,"ABAT A LA COUPE",,,24
,2486,"PRODUITS ELABORE COUPE",,,24
,2487,"SAUCISSERIE A LA COUPE",,,24
,2488,"GIBIER A LA COUPE",,,24
,2489,"VIANDE POUR ANIMAUX COUPE",,,24
,2490,"COMMANDES CLIENT BOUCHERIE",,,24
,2491,"EMBALLAGE BOUCHERIE",,,24
,2492,"NECESSAIRE FABRICATION",,,24
,2493,"INGREDIENT FABRICATION",,,24
,2494,"MATIERE PREMIERE ACHAT LS",,,24
,2495,"MATIERE PREMIERE ACHAT CPE",,,24
,2498,"CAISSE RAYON 24",,,24
,2499,"REMBOURSEMENT BOUCHERIE-VOLAIL",,,24
,2500,"PATES MOLLES",,,25
,2501,PERSILLES,,,25
,2502,"CHEVRES ET BREBIS",,,25
,2503,"PATES FRAICHES",,,25
,2504,"PATE PRES.CUITE ET NON CUITE",,,25
,2505,"FROMAGES A CUIRE ET FONDUS",,,25
,2506,"PRE EMBALLES",,,25
,2507,"FROMAGES ALLEGES",,,25
,2509,"SNACKING FROMAGES",,,25
,2510,DESSERTS,,,25
,2511,"LAIT ENTIER ET SPECIALITES",,,25
,2512,"NON BLANCS",,,25
,2513,"SANTE ACTIVE",,,25
,2514,BLANCS,,,25
,2515,CROISSANCE,,,25
,2516,BOISSONS,,,25
,2517,COMPOTES,,,25
,2519,"SNACKING ULTRA FRAIS",,,25
,2520,"CREMES ET SAUCES",,,25
,2521,BEURRE,,,25
,2522,"CORPS GRAS VEGETAL/MIXTE",,,25
,2523,OEUFS,,,25
,2524,LAIT,,,25
,2529,"SNACKING CREMERIE",,,25
,2530,"VOLAILLES ENTIERES",,,25
,2531,"DECOUPE DE VOLAILLES",,,25
,2532,"PRODUITS PREPARES",,,25
,2533,"VOLAILLE HALAL ET CASHER",,,25
,2534,"ALIMENTS POUR ANIMAUX",,,25
,2539,"SNACKING VOLAILLES",,,25
,2540,"JAMBON CUIT",,,25
,2541,"JAMBON CRU, SEC ET TRANCHAGE",,,25
,2542,SAUCISSON/PATES/RILLETTES,,,25
,2543,"SAUCISSERIE SECHE",,,25
,2544,"CHARCUTERIE A CUIRE",,,25
,2545,"HALAL ET CASHER",,,25
,2549,"SNACKING CHARCUTERIE",,,25
,2550,"ENTREES TRAITEUR",,,25
,2551,"TARTES SALEES TRAITEUR",,,25
,2552,"PANES FRAIS",,,25
,2553,"PLATS CUISINES FRAIS",,,25
,2554,"PATES FRAICHES ET QUENELLES",,,25
,2555,"PATES A TARTE",,,25
,2559,"SNACKING TRAITEUR",,,25
,2560,SAURISSERIE,,,25
,2561,"TRAITEUR DE LA MER",,,25
,2562,"CRUSTACES ET ANCHOIS",,,25
,2563,SURIMI,,,25
,2564,"TARTINABLES ET BLINIS",,,25
,2569,"SNACKING PRODUITS DE LA MER",,,25
,2570,"PAIN INDUSTRIEL",,,25
,2571,VIENNOISERIE,,,25
,2572,PATISSERIE,,,25
,2579,"SNACKING BOULANGERIE/PATISSERI",,,25
,2580,"ENTREES SURGELEES",,,25
,2581,"TARTES SALEES SURGELEES",,,25
,2582,"PLATS CUISINES SURGELES",,,25
,2583,"POISSONS SURGELES",,,25
,2584,"CRUSTACE, MOLLUSQUE SURGELE",,,25
,2585,"VIANDES SURGELEES",,,25
,2586,"LEGUMES SURGELES",,,25
,2587,"HALAL ET CASHER SURGELES",,,25
,2589,"SNACKING SURGELES",,,25
,2590,SNACKING/GRIGNOTAGE,,,25
,2591,"GLACES ENFANTS",,,25
,2592,"DESSERTS INDIVIDUELS",,,25
,2593,"GLACES VRACS",,,25
,2594,"SPECIALITES A PARTAGER",,,25
,2595,"FRUITS ET PATES",,,25
,2596,SACS,,,25
,2597,"SNACKING GLACES",,,25
,2598,"CAISSE RAYON 25",,,25
,2599,"REMBOURSEMENTS P.L.S",,,25
,2600,ENTREES,,,26
,2601,"PLATS CHAUDS",,,26
,2602,GRILLADES,,,26
,2603,"LEGUMES GARNITURES",,,26
,2604,FROMAGES,,,26
,2605,DESSERTS,,,26
,2606,PAINS,,,26
,2607,"BOISSON FROIDE",,,26
,2608,"BOISSONS CHAUDES",,,26
,261,"BOISSONS SANS ALCOOL",,,
,2610,"VENTE PAINS",,,26
,2611,"PETIT DEJEUNER",,,26
,2612,DEJEUNERS,,,26
,2613,DESSERTS,,,26
,2614,BOISSONS,,,26
,2615,GOURMANDISES,,,26
,262,"BIERES CIDRES",,,
,263,"EAUX MINERALES",,,
,264,"VINS CONSOMMATION COURANTE",,,
,265,"VINS ETRANGERS",,,
,266,"VINS FINS",,,
,267,"CHAMPAGNES MOUSSEUX",,,
,268,APERITIFS,,,
,269,"ALCOOLS ET SPIRITUEUX",,,
,2690,"EMBALLAGE CAFETARIA",,,26
,2691,"MATIERE PREMIERE GRIGNOTAGE",,,26
,2692,"EMBALLAGES (GRIGNOTAGE)",,,26
,2698,"CAISSE RAYON 26",,,26
,2699,"REMBOURSEMENTS CAFETERIA",,,26
,270,"ALCOOLS DE GRAINS",,,
,271,FLASQUES,,,
,272,"ALCOOLS ET DERIVES(USAGE PROF)",,,
,281,LAVAGE,,,
,282,"PRODUITS D'ENTRETIEN",,,
,283,DROGUERIE,,,
,284,"HYGIENE PAPIER",,,
,285,"HYGIENE PARFUMERIE",,,
,286,BEAUTE,,,
,287,CAPILLAIRES,,,
,288,PARAPHARMACIE,,,
,290,"SACS CLIENTELE (PAYANTS)",,,
,291,"EMBALLAGE BOUCHERIE",,,
,292,"EMBALLAGE FRUITS ET LEGUMES",,,
,293,"EMBALLAGE POISSONNERIE",,,
,294,"EMBALLAGE BOULANGERIE/PATISSER",,,
,295,"EMBALLAGE PATISSERIE",,,
,296,"EMBALLAGE TRAITEUR/FROM/CHAR",,,
,298,"SACS ISOTHERMES",,,
,299,"EMBALLAGE SERVICES GENERAUX",,,
,300,"OUTILLAGE QUINCAILLERIE",,,
,3000,ACCUMULATEUR,,,30
,3001,PILE,,,30
,3002,"ECLAIRAGE PORTATIF",,,30
,3003,AMPOULE,,,30
,3004,"ECLAIRAGE FONCTIONNEL",,,30
,3005,"RALLONGE PRISE MULTIPLE",,,30
,3006,"PETIT MAT D'INSTALLATION",,,30
,3007,"FIL ET CABLE",,,30
,3008,"ELECTRO.DOMESTIQ. CONFORT",,,30
,301,ELECTRICITE,,,
,3010,"TOURNEVIS PERCEUSE PERFO",,,30
,3011,"ACCESS PERFO PERCEUS TOURNEVIS",,,30
,3012,"SCIE ET ACCESSOIRES",,,30
,3013,PONCEUSE/RABOT/DEFONCEUSE/+,,,30
,3014,"MEULEUSE,TOURET,ACCESS",,,30
,3015,"PROTECTION DE LA PERSONNE",,,30
,3016,"SOUDURE ET ACCESSOIRES",,,30
,3017,"N.H.P ET ACCESSOIRES",,,30
,3018,"COMPRESSEUR,GROUPE ELECTROGENE",,,30
,3019,"SAV OUTILLAGE ELECTRIQUE",,,30
,302,DROGUERIE,,,
,3020,TOURNEVIS,,,30
,3021,"CLE DE SERRAGE",,,30
,3022,"PINCE ET ACCESS. D ETABLI",,,30
,3023,"AGRAFEUSE,PISTOLET A COLLE",,,30
,3024,"LIME ET RAPE",,,30
,3025,"OUTIL TRANCHANT, PERCAGE",,,30
,3026,MARTEAU,,,30
,3027,MESURE/TRACAGE,,,30
,3028,BACHE,,,30
,3029,"BOITE A OUTILS GARNIE",,,30
,303,"OUTILLAGE ELECTRIQUE",,,
,3030,"RANGEMENT OUTILLAGE",,,30
,3031,"RANGEMENT QUINCAILLERIE",,,30
,3032,"EQUIPEMENT GARAGE,ATELIER",,,30
,3033,CONSOLE,,,30
,304,PILES,,,
,3040,CLOUTERIE,,,30
,3041,VISSERIE,,,30
,3042,BOULONNERIE,,,30
,3043,PITONNERIE,,,30
,3044,"QUINCAILLERIE AMEUBLEMENT",,,30
,3045,"SERRURERIE SECURITE",,,30
,3046,"CORDAGE ET CORDONNERIE",,,30
,3047,"SIGNALISATION,BTE LETTRES",,,30
,3048,PLOMBERIE,,,30
,3049,"PETITE ISOLATION",,,30
,3050,"TAR:FER FORGE,LAITON,ACCESS",,,30
,3051,"TRINGLE BOIS, ACCESSOIRES",,,30
,3052,"TRINGLE COULEUR ET ACCESS",,,30
,3053,"TRINGLE ""RAIL""ET ACCESS ",,,30
,3054,"TRINGLE VITRAGE, ACCESS",,,30
,3055,"TRINGLE PENDERIE,ACCESS",,,30
,3056,"STORE INTERIEUR,MOUSTIQUAIRE",,,30
,306,CADEAUX,,,
,3060,ADHESIF,,,30
,3061,"COLLE D  ASSEMBLAGE",,,30
,3062,"COLLE DECORATION",,,30
,3063,"OUTIL POUR TAPISSER",,,30
,3064,"OUTIL DU MACON",,,30
,3065,"PRODUIT DE REPARATION",,,30
,3066,"ANTI HUMIDITE",,,30
,3067,"PREPARATION DES SUPPORTS",,,30
,307,"MAT & ACCES.DE BAR PROF.",,,
,3070,ADDITIF,,,30
,3071,"OUTILLAGE DU PEINTRE",,,30
,3072,"PEINTURE DE FINITION",,,30
,3073,"PEINTURE FER,BOIS,SOL",,,30
,3074,"PEINTURE SPECIALE",,,30
,3075,"PEINTURE DE DECORATION",,,30
,3076,"PEINTURE MUR ET PLAFOND",,,30
,3077,"PEINTURE EXTERIEURE",,,30
,3078,"TRAITEMENT,PROTECTION BOIS",,,30
,3079,"REVETEMENT MUR SOL PLAFOND",,,30
,308,ENTRETIEN,,,
,3080,"MATERIAUX DE CONSTRUCTION",,,30
,3081,MENUISERIE,,,30
,3082,"ISOLATION GROS TRAVAUX",,,30
,3083,SANITAIRE,,,30
,3084,"ECHELLE ECHAFAUDAGE",,,30
,3085,"STORE EXTERIEUR",,,30
,3086,"GOUTTIERE ET CANALISATION",,,30
,309,"CAFE PETIT DEJEUNER",,,
,3098,"CAISSE RAYON 30",,,30
,3099,"REMBOURSEMENT BRICOLAGE",,,30
,310,VERRERIE,,,
,3100,GOBELET,,,31
,3101,"VERRE FORME BASSE, HAUTE",,,31
,3102,"ESPACE BAR ET VIN",,,31
,3103,"VERRE A PIED",,,31
,3104,"VERRE EN CRISTAL",,,31
,3105,"VERRE A L'UNITE",,,31
,3106,"PICHET CARAFE",,,31
,3107,"SERVICE DE VERRES",,,31
,311,VAISSELLE,,,
,3110,"VAISSELLE VERRE",,,31
,3111,"VAISSELLE FAIENCE/GRES",,,31
,3112,"VAISSELLE PORCELAINE",,,31
,3113,"VAISSELLE SPECIFIQUE",,,31
,3114,"SERVICE DE TABLE",,,31
,3115,COUVERTS,,,31
,3116,DESSERT,,,31
,3117,"ACC. DE TABLES ET DE SERVICE",,,31
,3118,"PETIT DEJEUNER",,,31
,3119,"TALE ENFANTE",,,31
,3120,"VAISSELLE A JETER DECOREE",,,31
,3121,"VAISSELLE A JETER COULEUR UNIE",,,31
,3122,"VAISSELLE A JETER BLANCHE",,,31
,3123,"COMPLEMENT DE TABLE JETABLE",,,31
,3124,"VAISSELLE A JETER ENFANT",,,31
,3125,"ACCESSOIRES DE RECEPTION",,,31
,3126,BOUGIE,,,31
,3127,SENTEUR,,,31
,3128,"ARTICLES DECORATION TABLE",,,31
,3129,CADEAU,,,31
,313,"PREPARATION TABLE ET CUISSON",,,
,3130,POELE,,,31
,3131,SAUTEUSE,,,31
,3132,"CASSEROLE ET COUVERCLE",,,31
,3133,FAITOUT,,,31
,3134,"CUISSON SPECIFIQUE",,,31
,3135,"FONTE D'ACIER",,,31
,3136,AUTOCUISEUR,,,31
,3137,"PLAT A FOUR",,,31
,3138,"MOULE A GATEAU",,,31
,314,"RANGEMENT POUBELLES",,,
,3140,CAFE/THE,,,31
,3141,"BOITE DE CONSERVATION",,,31
,3142,"EMBALLAGE DES ALIMENTS",,,31
,3143,"USTENSILE DE CUISINE",,,31
,3144,"EQUIPEMENT DE LA CUISINE",,,31
,3145,CAVE,,,31
,3146,"SAC, PANIER ET POUSSETTE",,,31
,315,"ARTICLES MENAGERS",,,
,3150,"SAC POUBELLE",,,31
,3151,"POUBELLE, SEAU, CUVETTE",,,31
,3152,LAVAGE,,,31
,3153,"GANT MENAGE, SERPILLIERE",,,31
,3154,BALAYAGE,,,31
,3155,"ESSUIE PIEDS",,,31
,3156,CINTRE,,,31
,3157,"RANGEMENT DU LINGE",,,31
,3158,ETENDAGE,,,31
,3159,REPASSAGE,,,31
,316,"VAISSELLES A JETER",,,
,3160,"ACCESSOIRES DE TOILETTE",,,31
,3161,"ACCESSOIRES SALLE DE BAIN",,,31
,3162,DOUCHE,,,31
,3163,"ARMOIRES DE TOILETTE",,,31
,3164,MIROITERIE,,,31
,317,"SOINS DU LINGE",,,
,3170,"SOUS VERRE",,,31
,3171,CADRE,,,31
,3172,"POSTER ET IMAGE",,,31
,3173,"ACCESSOIRE ENCADREMENT",,,31
,3174,"PENDULE ET BAROMETRE",,,31
,318,"CUISSON GAZ PLAQUES ELECT.",,,
,3180,"LAMPE A POSER",,,31
,3181,"ABAT JOUR",,,31
,3182,"LAMPE DE BUREAU",,,31
,3183,LAMPADAIRE,,,31
,3184,APPLIQUE,,,31
,3185,SPOT,,,31
,3186,"PLAFONNIER ET HUBLOT",,,31
,3187,SUSPENSION,,,31
,3188,LUSTRE,,,31
,3189,"LUMINAIRE ENFANT",,,31
,319,"CUISSON DANS LE FOUR",,,
,3190,SIEGE,,,31
,3191,"PETIT MEUBLE DE RANGEMENT",,,31
,3192,"MEUBLE DE RANGEMENT",,,31
,3193,"RANGEMENT DES VETEMENTS",,,31
,3194,"CANAPE FAUTEUIL",,,31
,3195,MATELAS,,,31
,3196,SOMMIER,,,31
,3197,TAPIS,,,31
,3198,"ACCESSOIRES CHEMINEE",,,31
,3199,"SAV GESTION CONFORT MAISON",,,31
,3207,"ACC SUPPORT MULTIMEDIA",,,32
,321,CORRESPONDANCE,,,
,322,ECRITURE,,,
,323,PAPETERIE/CAHIERS,,,
,324,"COPIES DOUBLES",,,
,325,"FEUILLETS MOBILES",,,
,326,PAP.BUREAU,,,
,3260,CARTERIE,,,32
,3261,"EMBALLAGE CADEAU",,,32
,3262,CORRESPONDANCE,,,32
,3263,"LOISIRS CREATIFS",,,32
,3264,BEAUX-ARTS,,,32
,3265,"ALBUM PHOTO",,,32
,3266,"CLASSEUR PHOTO ET RECHARGE",,,32
,3267,"ALBUM COLLECTION",,,32
,327,"DESSIN-LOISIRS CREATIFS",,,
,3270,ECRITURE,,,32
,3271,"DESSIN SCOLAIRE",,,32
,3272,"MATERIEL SCOLAIRE",,,32
,3273,"COLLE, ADHESIF ET NOTE",,,32
,3274,"CARNET, CAHIER SPECIFIQUE",,,32
,3275,"CAHIER ET PROTECTION",,,32
,3276,"COPIE, FEUILLET, BLOC",,,32
,3277,"CLASSEUR ET INTERCALAIRE",,,32
,328,"MATERIEL SCOLAIRE",,,
,3280,CLASSEMENT,,,32
,3281,"PROTEGE DOCUMENT",,,32
,3282,"CONFORT ET AGENCEMENT DU BUREA",,,32
,3283,"PAPIER D IMPRESSION",,,32
,3284,"PETIT MATERIEL DE BUREAU",,,32
,3285,INFORMATIQUE,,,32
,3286,"AGENDA ORGANISEUR CALENDRIER",,,32
,329,"ACCES.BUREAU CLASSEMENT",,,
,3290,TROUSSE,,,32
,3291,"MAROQUINERIE MATERNELLE",,,32
,3292,"MAROQUINERIE PRIMAIRE",,,32
,3293,"MAROQUINERIE COLLEGE",,,32
,3294,"MAROQUINERIE LYCEE",,,32
,3298,"CAISSE RAYON 32",,,32
,3299,"GESTION METIER PAPETERIE",,,32
,3300,"JOUET PETIT PRIX",,,33
,3301,PELUCHE,,,33
,3302,"JOUET 1ER AGE",,,33
,3303,"AIDE A LA MARCHE",,,33
,3304,"JEU EDUCATIF",,,33
,3305,"JOUET GARCON",,,33
,3306,"JOUET FILLE",,,33
,3307,"JEU DE SOCIETE",,,33
,3308,MUSIQUE,,,33
,3309,"JOUET DE PLEIN AIR",,,33
,3310,"ARTICLES DE FETES",,,33
,3311,"DECORATION DE LA MAISON",,,33
,3312,"DECO, CRECHE ET SAPIN",,,33
,3313,"GUIRLANDE ELECTRIQUE",,,33
,3314,"THEME TENDANCE 1",,,33
,3315,"THEME TENDANCE 2",,,33
,3316,"THEME TENDANCE 3",,,33
,3317,"THEME TENDANCE 4",,,33
,3318,"THEME TENDANCE 5",,,33
,3319,"THEME TENDANCE 6",,,33
,3320,PISCINE,,,33
,3321,"PRODUIT TRAITEMENT DE L'EAU",,,33
,3322,"ACCESSOIRE PISCINE",,,33
,3323,BAIGNADE,,,33
,3324,PLONGEE,,,33
,3325,"BATEAU ET ACCESSOIRES",,,33
,3330,"PECHE AU COUP",,,33
,3331,"PECHE A LA CARPE",,,33
,3332,"PECHE A LA TRUITE",,,33
,3333,"PECHE AUX CARNASSIERS",,,33
,3334,"PECHE EN MER",,,33
,3335,"EQUIPEMENT DE PECHE",,,33
,3336,CHASSE,,,33
,3340,"TENNIS, SQUASH,BADMINTON",,,33
,3341,"TENNIS DE TABLE",,,33
,3342,PETANQUE,,,33
,3343,CIBLERIE,,,33
,3344,"SPORT COLLECTIF",,,33
,3345,"FITNESS ET MUSCULATION",,,33
,3346,"ROLLER ET SKATE BOARD",,,33
,3347,"AUTRES SPORTS",,,33
,3348,"SPORT D HIVER",,,33
,3349,"SAC DE SPORT",,,33
,3350,CYCLE,,,33
,3351,"ACCESSOIRES CYCLE",,,33
,3352,"CYCLE MOTORISE",,,33
,336,CARTERIE,,,
,3360,"USTENSILE MENAGER",,,33
,3361,"SIEGE DE CAMPING",,,33
,3362,"MOBILIER DE CAMPING",,,33
,3363,"EQUIPEMENT DE RANDONNEE",,,33
,3364,"TENTE ET ACCESSOIRES",,,33
,3365,"LIT,MATELAS ET TAPIS",,,33
,3366,"SAC DE COUCHAGE",,,33
,3367,"SAC A DOS",,,33
,3370,"BAGAGE DE LOISIRS",,,33
,3371,"BAGAGE CLASSIQUE",,,33
,3372,"BAGAGE D  AFFAIRES",,,33
,3373,"BAGAGE ENFANT",,,33
,3374,"ACCESSOIRE DE VOYAGE",,,33
,3375,CANTINE,,,33
,3398,"CAISSE RAYON 33",,,33
,3399,"GESTION METIER JOUETSPORT",,,33
,340,"PAPETERIE PROFESSIONNELLE CHR",,,
,3400,"PLANTE ET COMPOSITION A OFFRIR",,,34
,3401,"PLANTE FLEURIE SAISONNIER",,,34
,3402,"PLANTE FLEURIE PERMANENT",,,34
,3403,"PLANTE VERTE",,,34
,3404,SUSPENSION,,,34
,3405,CACTEE,,,34
,3406,"ENTRETIEN PLANTE INTER.",,,34
,3407,"SUPPORT DECORATION",,,34
,3408,"FLEUR SECHEE",,,34
,3409,"FLEUR ARTIFICIELLE",,,34
,3410,"BAC A RESERVE D  EAU",,,34
,3411,CACHE-POT,,,34
,3412,"SOUCOUPE/COUPE ET POT",,,34
,3413,BALCONNIERE/JARDINIERE,,,34
,3414,"BAC ET POTERIE EXTERIEUR",,,34
,3415,"SUPPORT DE PLANTES",,,34
,3420,TERREAU,,,34
,3421,"TERRE DE BRUYERE",,,34
,3422,TOURBE,,,34
,3423,"FUMIER ET COMPOST",,,34
,3424,"ECORCE DE PIN",,,34
,3430,"PRODUIT NATUREL",,,34
,3431,ENGRAIS,,,34
,3432,"PRODUIT DE TRAITEMENT",,,34
,3433,ANTI-NUISIBLES,,,34
,3434,DESHERBANT,,,34
,3435,PULVERISATEUR,,,34
,344,"ESPACE BUREAU",,,
,3440,"PLANTE A MASSIF",,,34
,3441,BULBE,,,34
,3442,GAZON,,,34
,3443,"SEMENCES POTAGERES",,,34
,3444,VIVACE,,,34
,3445,"PLANT POTAGER ET AROMATIQUES",,,34
,3446,FRUITIER,,,34
,3447,"ROSIER CONDITIONNE",,,34
,3448,"PEPINIERE D ORNEMENT",,,34
,3449,"TOUSSAINT NOEL",,,34
,345,"EQUIPEMENT DU JARDIN",,,
,3450,"OUTIL DE JARDIN",,,34
,3451,TAILLE-HAIE,,,34
,3452,"COUPE HERBE ET ACCESS",,,34
,3453,DEBROUSSAILLEUSE,,,34
,3454,"TRONCONNEUSE ET ACCESS",,,34
,3455,"BROYEUR ET SOUFFLEUR",,,34
,3456,"TONDEUSE ET ACCESSOIRES",,,34
,3457,"TONDEUSE AUTOPORTEE ET ACCESS",,,34
,3458,MOTOBINEUSE,,,34
,3459,SCARIFICATEUR,,,34
,3460,ARROSEUR,,,34
,3461,"ACCESSOIRES D ARROSAGE",,,34
,3462,"TUYAU D ARROSAGE",,,34
,3463,"DEVIDOIR DE TUYAU",,,34
,3464,ARROSOIR,,,34
,3465,"ARROSAGE GOUTTE A GOUTTE",,,34
,3466,"ARROSAGE ENTERRE",,,34
,3467,"POMPE ET ACCESSOIRES",,,34
,3470,"BASSIN ET JET D  EAU",,,34
,3471,"OBJET DE DECORATION",,,34
,3472,"BORDURE ET SUPPORT DECORATION",,,34
,3473,"ELEMENT DECORATIF AUTRE MATIER",,,34
,3474,"BRISE VUE ET BRISE VENT",,,34
,3475,"GRILLAGE ET ACCESSOIRES",,,34
,3476,"ABRI DE JARDIN ET RANGEMENT",,,34
,3477,"LUMINAIRE EXTERIEUR",,,34
,3478,"BARBECUE ET CHEMINEE",,,34
,3479,ANTI-MOUSTIQUES,,,34
,3480,"MOBILIER EN RESINE",,,34
,3481,"MOBILIER EN TECK",,,34
,3482,"MOBILIER EN BOIS EXOTIQUE",,,34
,3483,"MOBILIER EN FER",,,34
,3484,"MOBILIER AUTRE MATIERE",,,34
,3485,"MOBILIER DETENTE, ACCESSOIRES",,,34
,3486,"PARASOL ET TENTES DE JARDIN",,,34
,3487,"COUSSIN ET ACCESSOIRES",,,34
,3495,POISSON,,,34
,3496,"NOUVEAUX ANIMAUX DE COMPAGNIE",,,34
,3498,"CAISSE RAYON 34",,,34
,3499,"GESTION METIER JARDIN",,,34
,350,"OUTILLAGE DE JARDIN",,,
,3500,"LUBRIFIANT MOTEUR ESSENCE",,,35
,3501,"LUBRIFIANT MOTEUR DIESEL",,,35
,3502,"LUBRIFIANT SPECIAL",,,35
,3503,VIDANGE,,,35
,3504,FILTRATION,,,35
,3510,REFROIDISSEMENT,,,35
,3511,"PARE BRISE",,,35
,3512,"NETTOYAGE ET RENOVATION",,,35
,3513,"PREVENTION ET DEPANNAGE",,,35
,3514,"REPARATION CARROSSERIE",,,35
,3515,PEINTURE,,,35
,3516,FREINAGE,,,35
,3520,"MOTO, SCOOTER ET CYCLO",,,35
,3530,OUTILLAGE,,,35
,3531,LEVAGE,,,35
,3532,"LIVRE TECHNIQUE",,,35
,354,"CLOTURES PROTECTIONS",,,
,3540,BATTERIE,,,35
,3541,ALLUMAGE,,,35
,3542,ECLAIRAGE,,,35
,3543,"CONNEXION ELECTRIQUE",,,35
,3550,"ACCESSOIRES DE MONTAGE",,,35
,3551,ANTENNE,,,35
,3552,"HAUT PARLEUR",,,35
,356,"ENGRAIS ET AMENDEMENT PHYTO",,,
,3560,"DECO PROTECTION EXTERIEUR",,,35
,3561,"CONFORT INTERIEUR",,,35
,3562,HOUSSE,,,35
,3563,TAPIS,,,35
,357,ANIMALERIE,,,
,3570,"SECURITE DU PASSAGER",,,35
,3571,"PROTECTION DU VEHICULE",,,35
,3572,RETROVISEUR,,,35
,3580,PORTAGE,,,35
,3581,"TRACTAGE ET REMORQUE",,,35
,3590,"PNEU AUTO",,,35
,3591,"PNEU NEIGE ET ROUE MONTEE",,,35
,3592,"CHAMBRE A AIR",,,35
,3593,"CHAINE A NEIGE",,,35
,3598,"CAISSE RAYON 35",,,35
,3599,"GESTION METIER AUTO",,,35
,361,"DECORATION MUR ET SOL",,,
,364,"ACCESSOIRES SALLE DE BAIN",,,
,366,AMPOULES,,,
,367,PLOMBERIE,,,
,368,MACONNERIE,,,
,369,"PEINTURE-PAPIER PEINT",,,
,370,"AUTO INTERIEUR",,,
,372,"AUTO TECHNIQUE",,,
,373,LUBRIFIANT,,,
,374,"ENTRETIEN AUTO",,,
,378,"ACCESSOIRES CYCLES",,,
,384,CAMPING,,,
,397,"BOUGIES ET SENTEURS",,,
,398,"TABLE EN FETE",,,
,4000,"REFRIGERATEUR 1 PORTE",,,40
,4001,"REFRIGERATEUR 2 PORTES",,,40
,4002,"REFRIGERATEUR 3 PORTES",,,40
,4003,"REFRIGERATEUR AMERICAIN",,,40
,4004,"CAVE A VIN",,,40
,4010,"CONGELATEUR COFFRE",,,40
,4011,"CONGELATEUR ARMOIRE",,,40
,4020,"CHARGEMENT FRONTAL",,,40
,4021,"CHARGEMENT TOP",,,40
,4030,"LAVANTE SECHANTE",,,40
,4040,"CHARGEMENT FRONTAL",,,40
,4041,"CHARGEMENT TOP",,,40
,4050,"LAVE-VAISSELLE STANDARD",,,40
,4051,"LAVE-VAISSELLE SPECIFIQUE",,,40
,4060,"CUISINIERE TOUT GAZ",,,40
,4061,"CUISINIERE MIXTE GAZ ELEC",,,40
,4062,"CUISINIERE TT ELECTRIQUE",,,40
,4063,"CUIS FONCTIONS MULTIPLES",,,40
,4070,"MICRO-ONDES STANDARD",,,40
,4071,"MICRO-ONDES + GRILL",,,40
,4072,"MICRO-ONDES MULTIFONCT",,,40
,4080,"PLAQUE DE CUISSON",,,40
,4081,"FOUR ENCASTRABLE",,,40
,4082,ASPIRATION,,,40
,4090,"REPARATION GEM",,,40
,4091,"ACCESSOIRES GEM",,,40
,4092,"LIVRAISON GEM",,,40
,4093,"CONTRATS BLEUS GEM",,,40
,4094,"LOCATION GEM",,,40
,4098,"CAISSE RAYON 40",,,40
,4099,"GESTION GEM",,,40
,4100,"APPAREIL ROBOT",,,41
,4101,"ASPIRATEUR TRAINEAU",,,41
,4102,"ASPIRATEUR NON TRAINEAU",,,41
,4103,"NETTOYEUR SPECIFIQUE",,,41
,4104,"ACC. ENTRETIEN DES SOLS",,,41
,4110,"FER A REPASSER",,,41
,4111,"STATION VAPEUR",,,41
,4112,"MACH A CIRER/COUDRE/LAVER",,,41
,4113,"ACC. ENTRETIEN DU LINGE",,,41
,4120,"TRAITEMENT DE L AIR",,,41
,4121,CLIMATISATION,,,41
,4122,"CHAUFFAGE D APPOINT",,,41
,4123,CHAUFFAGE,,,41
,4124,"TRAITEMENT EAU ET DECHETS",,,41
,4125,"ACC.QUALITE ENVIRONNEMENT",,,41
,4130,"APPAREIL POUR LE CAFE",,,41
,4131,"BOUILLOIRE ET GRILLE PAIN",,,41
,4132,"APPAREIL  JUS DE FRUIT",,,41
,4133,"ACC. PETIT DEJEUNER",,,41
,4140,"AIDE CULINAIRE",,,41
,4141,"PREPARATEUR SPECIFIQUE",,,41
,4142,"PREPARATEUR MULTI-USAGE",,,41
,4143,"ACC.PREPARATION CULINAIRE",,,41
,4150,"APPAREIL CONVIVIAL",,,41
,4151,"APP.CUISSON SPECIFIQUE",,,41
,4152,"APP.CUISSON MULTI USAGE",,,41
,4153,"ACC.CUISSON CULINAIRE",,,41
,4160,COIFFURE,,,41
,4161,"EPILATION FEMININE",,,41
,4162,"RASAGE MASCULIN",,,41
,4163,"HYGIENE DENTAIRE",,,41
,4164,SANTE,,,41
,4165,BEAUTE,,,41
,4166,"FORME / BIEN ETRE",,,41
,4167,"ACC.SOINS DU CORPS",,,41
,4190,"REPARATION PEM",,,41
,4191,"ACCESSOIRES PEM",,,41
,4192,"LIVRAISON PEM",,,41
,4193,"CONTRATS BLEUS PEM",,,41
,4194,"LOCATION PEM",,,41
,4198,"CAISSE RAYON 41",,,41
,4199,"GESTION PEM",,,41
,4200,"DEVELOPPEMENT INSTANTANE",,,42
,4201,"CHARGEUR 110",,,42
,4202,"COMPACT NUMERIQUE",,,42
,4203,"APPAREIL PHOTO NUMERIQUE",,,42
,4210,"DEVELOPPEMENT 1ER TOUR",,,42
,4211,RETIRAGE,,,42
,4212,AGRANDISSEMENT,,,42
,4213,"DEVELOPPEMENT DIAPOSITIVE",,,42
,4214,"TRAVAUX NOIR/BLANC",,,42
,4215,"TRAVAUX DIVERS",,,42
,4216,"SYSTEME DEVELOPPEMENT",,,42
,4220,FLASH,,,42
,4221,OBJECTIF,,,42
,4222,PILES,,,42
,4223,"ACCESSOIRE POUR APPAREIL",,,42
,4230,"FILM NOIR-BLANC COMPTOIR",,,42
,4231,"FILM COULEUR COMPTOIR",,,42
,4232,"FILM DIAPOSITIVE COMPTOIR",,,42
,4233,"PAPIER NOIR ET BLANC L.S",,,42
,4234,"FILM COULEUR L.S",,,42
,4235,"FILM DIAPOSITIVE L.S",,,42
,4236,"JETABLE L.S",,,42
,4240,"PROJECTION DIAPOSITIVE",,,42
,4250,"TEL FILAIRE ET REP SEUL",,,42
,4251,"TEL SANS FIL NUMERIQUE",,,42
,4252,"TEL SANS FIL NUMERIQUE",,,42
,4253,"ACCESSOIRE TEL ET AUTRES",,,42
,4254,TALKIE-WALKIE,,,42
,4255,FAX,,,42
,4256,"ACCESSOIRE FAX",,,42
,4260,OPTIQUE,,,42
,4280,"MACHINE A CALCULER",,,42
,4281,"AGENDA,TRADUCTEUR,DICTIO.",,,42
,4282,BUREAUTIQUE,,,42
,4283,"STATION METEO",,,42
,4284,GPS,,,42
,4290,"REPARATION PHOTO",,,42
,4291,"ACCESSOIRES PHOTO",,,42
,4292,"LIVRAISON PHOTO",,,42
,4293,"CONTRATS BLEUS PHOTO",,,42
,4294,"LOCATION PHOTO",,,42
,4298,"CAISSE RAYON 42",,,42
,4299,"GESTION PHOTO",,,42
,4300,"GPS + AUTORADIO",,,43
,4301,BALADEUR,,,43
,4302,ENREGISTREMENT,,,43
,4303,"RADIO REVEIL",,,43
,4304,RADIO,,,43
,4305,"RADIO CASSETTE",,,43
,4310,"CHAINE HI-FI",,,43
,4311,"ELEMENTS SEPARES",,,43
,4312,ENCEINTES,,,43
,4320,"SUPPORT AUDIO",,,43
,4321,"CASSETTE MAGNETOSCOPE",,,43
,4322,"CASSETTE CAMESCOPE",,,43
,4323,"SUPPORT DVD",,,43
,4324,"NETTOYAGE ET BOITIER VIDE",,,43
,4330,CASQUE,,,43
,4331,"ANTENNE ET ACCESSOIRE TV",,,43
,4332,"SATELLITE ET ACCESSOIRE",,,43
,4333,"ACCESSOIRE VIDEO",,,43
,4334,"CORDON DE LIAISON",,,43
,4335,"SUPPORT AUDIO/VIDEO",,,43
,4336,"ACCESSOIRE DE FETE",,,43
,4340,"TV 4/3",,,43
,4341,"RETROPROJECTEUR 4/3",,,43
,4342,"TV LCD 4/3",,,43
,4343,"TV 16/9",,,43
,4344,"RETROPROJECTEUR 16/9",,,43
,4345,PLASMA,,,43
,4346,TV,,,43
,4347,VIDEOPROJECTEUR,,,43
,4348,"COMBINE TV/MAGNETOSCOPE",,,43
,4349,"COMBINE TV/DVD",,,43
,4350,CAMESCOPE,,,43
,4351,MAGNETOSCOPE,,,43
,4352,"LECTEUR DVD",,,43
,4390,"REPARATION IMAGE ET SON",,,43
,4391,"ACCESSOIRES IMAGE ET SON",,,43
,4392,"LIVRAISON IMAGE ET SON",,,43
,4393,"CONTRATS BLEUS IMAGE ET SON",,,43
,4394,"LOCATION IMAGE ET SON",,,43
,4395,"ALIGNT CONCURRENCE TV ET SON",,,43
,4396,"GESTION IMAGE ET SON",,,43
,4398,"CAISSE RAYON 43",,,43
,4399,"REMBOURSMT IMAGE ET SON",,,43
,4400,MICRO-ORDINATEUR,,,44
,4401,"MONITEUR ET LOGICIEL",,,44
,4402,IMPRIMANTE,,,44
,4403,TABLETTE,,,44
,4404,"IMAGERIE NUMERIQUE",,,44
,4410,COMMUNICATION,,,44
,4411,"CARTE AUDIO/VIDEO",,,44
,4412,"ARCHIVAGE INFORMATIQUE",,,44
,4413,"CONTROLE INFORMATIQUE",,,44
,4420,"ACCESSOIRES TABLETTES",,,44
,4421,"CORDON DE LIAISON",,,44
,4422,"PROTECTION INFORMATIQUE",,,44
,4423,"ERGONOMIE INFORMATIQUE",,,44
,4424,"NETTOYAGE INFORMATIQUE",,,44
,4425,"RANGEMENT INFORMATIQUE",,,44
,4430,DISQUETTE,,,44
,4431,"CD ROM / DVD",,,44
,4440,"CARTOUCHE D IMPRIMANTE",,,44
,4441,"PAPIER IMPRIMANTE",,,44
,4490,"REPARATION MICRO",,,44
,4491,"ACCESSOIRES MICRO",,,44
,4492,"LIVRAISON MICRO",,,44
,4493,"CONTRATS BLEUS MICRO",,,44
,4494,"LOCATION MICRO",,,44
,4498,"CAISSE RAYON 44",,,44
,4499,"GESTION MICRO",,,44
,4500,PORTABLE,,,45
,4501,"OBJETS CONNECTES",,,45
,4502,"ACCESSOIRE POUR PORTABLE",,,45
,4503,"SERVICE PREPAYES",,,45
,4590,"REPARATION RADIOTELEPHONIE",,,45
,4591,"ACCESSOIRES RADIOTELEPHONIE",,,45
,4592,"LIVRAISON RADIOTELEPHONIE",,,45
,4593,"CONTRAT BLEU RADIOTELEPHONIE",,,45
,4594,"LOCATION RADIOTELEPHONIE",,,45
,4598,"CAISSE RAYON 45",,,45
,4599,"GESTION RADIOTELEPHONIE",,,45
,6000,"PANTOUFLE FILLE  22/30",,,60
,6001,"PANTOUFLE GARCON 22/30",,,60
,6002,"PANTOUFLE FILLE  31/38",,,60
,6003,"PANTOUFLE GARCON 31/38",,,60
,6004,"PANTOUFLE FEMME",,,60
,6005,"PANTOUFLE FEMME CONFORT",,,60
,6006,"PANTOUFLE HOMME",,,60
,6010,RYTHMIQUE,,,60
,6011,"SPORT FILLE 22/30",,,60
,6012,"SPORT GARCON 22/30",,,60
,6013,"SPORT FILLE 31/38",,,60
,6014,"SPORT GARCON 31/38",,,60
,6015,"SPORT FEMME 35/42",,,60
,6016,"SPORT HOMME 39/46",,,60
,6017,"SPORT MARQUE JUNIOR/FEMME",,,60
,6018,"SPORT DE MARQUE HOMME",,,60
,6020,ESPADRILLE,,,60
,6021,"TOILE  FILLE 22/30",,,60
,6022,"TOILE  GARCON 22/30",,,60
,6023,"TOILE  FILLE 31/38",,,60
,6024,"TOILE  GARCON 31/38",,,60
,6025,"TOILE FEMME 35/42",,,60
,6026,"TOILE HOMME 39/46",,,60
,6030,"PLAGE FILLE 22/30",,,60
,6031,"PLAGE GARCON 22/30",,,60
,6032,"PLAGE FILLE 31/38",,,60
,6033,"PLAGE GARCON 31/38",,,60
,6034,"PLAGE FEMME 35/42",,,60
,6035,"PLAGE HOMME 39/46",,,60
,6036,"ACCESSOIRES LACETS",,,60
,6037,"ACCESSOIRES SEMELLES",,,60
,6038,"ACCESSOIRES AUTRES",,,60
,6040,"NEIGE  BEBE  22/30",,,60
,6041,"NEIGE  ENFANT 22/30",,,60
,6042,"NEIGE FEMME 35/42",,,60
,6043,"NEIGE HOMME 39/46",,,60
,6044,"PLUIE BEBE 22/30",,,60
,6045,"PLUIE ENFANT 31/38",,,60
,6046,"PLUIE FEMME 35/42",,,60
,6047,"PLUIE HOMME 39/46",,,60
,6048,RANDONNEE,,,60
,6050,"CHAUSSURE BEBE PARC 16/21",,,60
,6051,"CHAUSSURE BEBE SPORT",,,60
,6052,"CHAUSSURE BEBE TOILE",,,60
,6053,"CHAUSSURE BEBE PLAGE",,,60
,6054,"CHAUSSURE BEBE NEIGE",,,60
,6055,"CHAUSSURE BEBE VILLE",,,60
,6060,"CHAUSSURE FILLE 22 /27",,,60
,6061,"CHAUSSURE GARCON 22 /27",,,60
,6062,"CHAUSSURE FILLE 28/34",,,60
,6063,"CHAUSSURE GARCON 28/34",,,60
,6064,"JUNIOR FILLE 35/41",,,60
,6065,"CHAUSSURE JUNIOR G 35/41",,,60
,6070,"CHAUSSURE HOMME VILLE",,,60
,6071,"CHAUSSURE HOMME DETENTE",,,60
,6072,"CHAUSSURE HOMME ETE",,,60
,6073,"CHAUSSURE HOMME TRAVAIL",,,60
,6080,"FEMME VILLE/DETENTE",,,60
,6081,"CHAUSSURE FEMME ETE",,,60
,6082,"CHAUSSURE FEMME HIVER",,,60
,6083,"CHAUSSURE FEMME CONFORT",,,60
,6084,"CHAUSSURE FEMME ACTUA",,,60
,6085,"CHAUSSURE FEMME JUNIOR",,,60
,6098,"CAISSE RAYON 60",,,60
,6099,REMBOURSEMENT,,,60
,6100,"CULOTTE / CHEMISE",,,61
,6101,BODY,,,61
,6110,"CHAUSSETTE NAISSANCE BEBE",,,61
,6111,"CHAUSSETTE 1ER AGE",,,61
,6112,COLLANT,,,61
,6120,"PYJAMA LEGER 1 P A PIEDS",,,61
,6121,"PYJAMA LOURD 1P A PIEDS",,,61
,6122,"PYJAMA LEGER 2 P A PIEDS",,,61
,6123,"PYJAMA LOURD 2P A PIEDS",,,61
,6124,"PYJAMA COUVERTURE",,,61
,6125,"PYJAMA LICENCES",,,61
,6130,"MAILLE TRICOT",,,61
,6131,MOLLETON,,,61
,6132,"JERSEY  MANCHES LONGUES",,,61
,6133,"JERSEY MANCHES COURTES",,,61
,6134,"PULL LICENCES",,,61
,6140,"ROBE SANS MANCHES",,,61
,6141,"ROBE MANCHES COURTES",,,61
,6142,"ROBE MANCHES LONGUES",,,61
,6143,CHEMISIER,,,61
,6144,CHEMISE,,,61
,6145,"ROBE LICENCES",,,61
,6150,PANTALON,,,61
,6151,"SALOPETTE LONGUE",,,61
,6152,"SALOPETTE COURTE",,,61
,6153,"COMBINAISON LONGUE",,,61
,6154,"COMBINAISON COURTE",,,61
,6155,"SHORT / BERMUDA",,,61
,6156,"ENSEMBLE LONG",,,61
,6157,"ENSEMBLE COURT",,,61
,6158,"LICENCE PANTALON ENSEMBLE",,,61
,6160,CONFECTION,,,61
,6161,BAIN,,,61
,6162,"LICENCE CONFECTION BAIN",,,61
,6170,REPAS,,,61
,6171,"BAIN HYGIENE",,,61
,6172,SECURITE,,,61
,6173,JOUETS,,,61
,6174,"SOMMEIL / BAIN",,,61
,6175,"EQUIPEMENT INT?RIEUR",,,61
,6176,VOYAGE,,,61
,6177,PROMENADE,,,61
,6178,"EQUIPEMENT CHAMBRE",,,61
,6179,"AUTRES EQUIPEMENTS",,,61
,6180,"FUTURE MAMAN",,,61
,6181,TROUSSEAU,,,61
,6182,BOTTONS,,,61
,6183,"BOITE CADEAUX",,,61
,6198,"CAISSE RAYON 61",,,61
,6199,REMBOURSEMENT,,,61
,6200,"S/VETEMENT FILLE 2/8 ANS",,,62
,6201,"S/VETEMENT FILLE 8/16 ANS",,,62
,6202,"S/VETEMENT GARCON 2/8 ANS",,,62
,6203,"S/VETEMENT GARCON 8/16",,,62
,6210,SOCQUETTE,,,62
,6211,"MI- CHAUSSETTE",,,62
,6212,MI-BAS,,,62
,6213,"CHAUSSETTE SPORT",,,62
,6214,COLLANT,,,62
,6220,"LINGERIE FILLE 2/8 ANS",,,62
,6221,"LINGERIE GARCON 2/8 ANS",,,62
,6222,"LINGERIE FILLE 8/16 ANS",,,62
,6223,"LINGERIE GARCON 8/16 ANS",,,62
,6224,"LINGERIE LICENCE",,,62
,6230,"TRICOTAGE M/C  2/8 FILLE",,,62
,6231,"TRICOTAGE M/L 2/8 FILLE",,,62
,6232,"BERMUDA  SHORT 2/8 FILLE",,,62
,6233,"PANTALON/SALOPETTE 2/8 F",,,62
,6234,"CONFECTION 2/8 FILLE",,,62
,6235,"SPORT 2/8 FILLE",,,62
,6236,"SKI / BAIN 2/8 FILLE",,,62
,6237,"ACTUALISATION 2/8 FILLE",,,62
,6238,"CHEMISIER/ROBE/JUPE 2/8 F",,,62
,6239,"LICENCE 2/8 FILLE",,,62
,6240,"TRICOTAGE M/C 2/8 GARCON",,,62
,6241,"TRICOTAGE M/L 2/8 GARCON",,,62
,6242,"BERMUDA/SHORT 2/8 GARCON",,,62
,6243,"PANTALON/SALOPETTE 2/8 G",,,62
,6244,"CONFECTION 2/8 GARCON",,,62
,6245,"SPORT 2/8 GARCON",,,62
,6246,"SKI / BAIN 2/8 GARCON",,,62
,6247,"ACTUALISATION 2/8 GARCON",,,62
,6248,"CHEMISE 2/8 GARCON",,,62
,6249,"LICENCE 2/8 GARCON",,,62
,6250,"TRICOTAGE M/C 8/16 FILLE",,,62
,6251,"TRICOTAGE M/L 8/16 FILLE",,,62
,6252,"BERMUDA  SHORT 8/16 FILLE",,,62
,6253,"PANTALON/SALOPETTE 8/16 F",,,62
,6254,"CONFECTION 8/16 FILLE",,,62
,6255,"SPORT 8/16 FILLE",,,62
,6256,"SKI / BAIN 8/16 FILLE",,,62
,6257,"ACTUALUSATION 8/16 FILLE",,,62
,6258,"CHEMISIER/ROBE/JUPE 8/16 FILLE",,,62
,6259,"LICENCES 8/16 FILLE",,,62
,626,"CHAUSSANT M BAS FE 37-38/39-40",,,
,6260,"TRICOTAGE M/C 8/16 GARCON",,,62
,6261,"TRICOTAGE M/L 8/16 GARCON",,,62
,6262,"BERMUDA/SHORT  8/16 G",,,62
,6263,"PANTALON/CHEMISE 8/16 G",,,62
,6264,"CONFECTION 8/16 GARCON",,,62
,6265,"SPORT 8/16 GARCON",,,62
,6266,"SKI / BAIN 8/16 GARCON",,,62
,6267,"ACTUALISATION GARCON 8/16",,,62
,6268,"SPORT DE MARQUE",,,62
,6269,"LICENCES GARCON 8/16",,,62
,6270,"TABLIER FILLE 2/ 8 ANS",,,62
,6271,"TABLIER GARCON 2/8 ANS",,,62
,6272,"BLOUSE FILLE 8/16 ANS",,,62
,6273,"BLOUSE GARCON 8/ 16 ANS",,,62
,6298,"CAISSE RAYON 62",,,62
,6299,REMBOURSEMENT,,,62
,6300,"BONNETERIE  BAS SEUL",,,63
,6301,"BONNETERIE  HAUT SEUL",,,63
,6302,"COORDONNEES BAS",,,63
,6303,"COORDONNEES HAUT",,,63
,6304,"FOND DE ROBE",,,63
,6305,JUPON,,,63
,6310,SOCQUETTE,,,63
,6311,"MI- CHAUSSETTE",,,63
,6312,MI-BAS,,,63
,6313,SPORT,,,63
,6314,"COLLANT OPAQUE / EPAIS",,,63
,6315,"COLLANT MOUSSE /  LYCRA",,,63
,6316,"COLLANT VOILE /  LYCRA",,,63
,6317,"COLLANT SPECIFIQUE",,,63
,6318,BAS,,,63
,6319,"MI-BAS / SOCQUETTE",,,63
,6320,"PYJAMA LONG",,,63
,6321,"PYJAMA COURT",,,63
,6322,"SEPARABLE HAUT / BAS",,,63
,6323,"CHEMISE DE NUIT COURTE",,,63
,6324,"CHEMISE DE NUIT LONGUE",,,63
,6325,"PEIGNOIR  ROBE DE CHAMBRE",,,63
,6326,"TENUE D'INTERIEUR",,,63
,6327,ENSEMBLE,,,63
,6328,"ACTUALISATION LINGERIE",,,63
,6330,"PIECE DU HAUT M / L LEGER",,,63
,6331,"PIECE DU HAUT  M / LOURD",,,63
,6332,"PIECE DU HAUT M / C",,,63
,6333,"PIECE DU BAS MAILLE",,,63
,6334,"TRICOTAGE MARQUE",,,63
,6340,"PANTALON VILLE",,,63
,6341,JUPE,,,63
,6342,ROBE,,,63
,6343,"CHEMISE / CHEMISIER",,,63
,6344,COORDONNES,,,63
,6345,"PAP MARQUE",,,63
,6350,"PANTALON /SALOPETTE",,,63
,6351,"BERMUDA / SHORT",,,63
,6352,COORDONNES,,,63
,6353,"NEO JEANNERIE MARQUE",,,63
,6354,"NEO LICENCES SPECIFIQUES",,,63
,6360,VESTE,,,63
,6361,IMPERMEABLE,,,63
,6362,MANTEAU,,,63
,6363,BLOUSON,,,63
,6364,PARKA,,,63
,6365,DOUDOUNE,,,63
,6366,CUIR,,,63
,6367,COUPE-VENT,,,63
,6370,SURVETEMENT,,,63
,6371,"ELEMENT DE SPORT",,,63
,6372,"SPORT DE MARQUE",,,63
,6373,SKI,,,63
,6374,BAIN,,,63
,6380,ACTUALISATION,,,63
,6381,"ACTUALISATION GRANDES TAILLES",,,63
,6382,"ACTUALISATION THEME INTERM",,,63
,6383,"ACTUALISATION GT THEME INTERM",,,63
,6398,"CAISSE RAYON 63",,,63
,6399,REMBOURSEMENT,,,63
,6400,STRING,,,64
,6401,"MINI SLIP",,,64
,6402,"SLIP TAILLE BASSE",,,64
,6403,"SLIP TAILLE HAUTE",,,64
,6404,"CALECON COURT MAILLE",,,64
,6405,"CALECON COURT CHAINE TRAM",,,64
,6406,"HAUT DU CORPS",,,64
,6407,"SOUS-VETEMENT CHAUD",,,64
,6410,"MI- CHAUSSETTE SYNTHE",,,64
,6411,"MI-CHAUSSETTE COTON",,,64
,6412,"MI-CHAUSSETTE FIL ECOSSE",,,64
,6413,"MI-CHAUSSETTE LAINE",,,64
,6414,MI-BAS,,,64
,6415,SPORT,,,64
,6416,TRAVAIL,,,64
,6417,"CHAUSSETTE LICENCE",,,64
,6420,"PYJAMA COURT",,,64
,6421,"PYJAMA LONG",,,64
,6422,"SEPARABLE HAUT / BAS",,,64
,6423,"ROBE DE CHAMBRE  PEIGNOIR",,,64
,6424,"ENSEMBLE CADEAU",,,64
,6430,DEBARDEUR,,,64
,6431,"TEE SHIRT",,,64
,6432,"POLO MANCHE COURTES",,,64
,6433,"POLO / SWEAT / M / L",,,64
,6434,PULL,,,64
,6440,"CHEMISE  M / L VILLE",,,64
,6441,"CHEMISE  M / C  VILLE",,,64
,6442,"PANTALON VILLE",,,64
,6443,"BLAZER /VESTE / GILET",,,64
,6444,COSTUME,,,64
,6450,"CHEMISE M / L DETENTE",,,64
,6451,"CHEMISE M / C  DETENTE",,,64
,6452,"PANTALON DENIM",,,64
,6453,"PANTALON TOILE",,,64
,6454,"PANTALON VELOURS",,,64
,6455,"SHORT / BERMUDA",,,64
,6456,"NEO LICENCES SPECIFIQUES",,,64
,646,"COLLANT BAS FEMME",,,
,6460,IMPERMEABLE,,,64
,6461,MANTEAU,,,64
,6462,"BLOUSON / COUPE-VENT",,,64
,6463,PARKA,,,64
,6464,CUIR,,,64
,6470,SURVETEMENT,,,64
,6471,"ELEMENT DE SPORT",,,64
,6472,"SPORT DE MARQUE",,,64
,6473,COUPE-VENT,,,64
,6480,SKI,,,64
,6481,BAIN,,,64
,6482,"GRANDES TAILLES",,,64
,6483,TRAVAIL,,,64
,6498,"CAISSE RAYON 64",,,64
,6499,REMBOURSEMENT,,,64
,6500,"DRAP HOUSSE UNI",,,65
,6501,"DRAP PLAT UNI",,,65
,6510,"LITERIE FANTAISIE ENFANT",,,65
,6511,"LITERIE FANTAISIE ADULTE",,,65
,6512,"PARURE FANTAISIE",,,65
,6520,OREILLERS,,,65
,6521,TRAVERSIN,,,65
,6522,"ALEZE / PROTEGE MATELAS",,,65
,6530,"COUVERTURE SYNTHETIQUE",,,65
,6531,"COUVERTURE NATUREL",,,65
,6532,"DESSUS DE LIT",,,65
,6540,"COUETTE SYNTHETIQUE UNIE",,,65
,6541,"COUETTE SYNTHETIQUE FSIE",,,65
,6542,"COUETTE AUTRE GARNISSAGE",,,65
,6550,"EPONGE UNIE",,,65
,6551,"EPONGE FANTAISIE",,,65
,6552,"PEIGNOIR ENFANT",,,65
,6553,"PEIGNOIR ADULTE",,,65
,6554,"LOT EPONGE",,,65
,6555,"TAPIS DE BAIN",,,65
,6556,"DRAP DE PLAGE",,,65
,6560,"NAPPE TISSEE",,,65
,6561,"NAPPE TISSUS ENDUIT",,,65
,6562,"LOT DE TABLE",,,65
,6563,"PROTEGE TABLE",,,65
,6564,"TORCHON / ACCESSOIRES",,,65
,6565,"TABLIER / BLOUSE CUISINE",,,65
,6570,VOILAGE,,,65
,6571,DECO,,,65
,6572,"TISSU AU METRE",,,65
,6573,COUSSIN,,,65
,6574,MERCERIE,,,65
,6580,MOUCHOIRS,,,65
,6598,"CAISSE RAYON 65",,,65
,6599,REMBOURSEMENT,,,65
,6600,"CHAPELLERIE BEBE",,,66
,6610,"CHAPELLERIE ENFANT",,,66
,6611,"CEINTUR BRETEL  CRAVAT",,,66
,6612,"PARAPLUIE/PETITE MARO/BANANE",,,66
,6613,"ACTUALISATION ENFANT",,,66
,6620,"CHAPELLERIE FEMME",,,66
,6621,"GANTS CUIR",,,66
,6622,CEINTURE,,,66
,6623,"FOULARD /BANDANA",,,66
,6624,"PARAPLUIE FEMME",,,66
,6625,"PETITE MAROQUINERIE",,,66
,6626,"SAC / BANANE",,,66
,6627,PAREO,,,66
,6628,"ACTUALISATION EFMME",,,66
,6630,"CHAPELLERIE HOMME",,,66
,6631,"GANTS CUIR",,,66
,6632,CEINTURE,,,66
,6633,"CRAVATES / NOEUD PAPILLON",,,66
,6634,PARAPLUIE,,,66
,6635,"PETITE MAROQUINERIE",,,66
,6636,"SAC / BANANE",,,66
,6637,"ACTUALISATION HOMME",,,66
,6640,GANTS,,,66
,6650,"LUNETTES DE SKI",,,66
,6651,"LUNETTES DE SOLEIL",,,66
,6660,"BIJOUTERIE FSIE ENFANT",,,66
,6661,"BIJOUTERIE FSIE FEMME",,,66
,6662,"BIJOUTERIE FSIE HOMME",,,66
,6698,"CAISSE RAYON 66",,,66
,6699,REMBOURSEMENT,,,66
,6700,BIJOUX,,,67
,6701,MONTRE,,,67
,6702,"BRACELETS MONTRE",,,67
,6703,REVEIL,,,67
,6790,"REPARATION BIJOUTERIE",,,67
,6791,"ACCESSOIRES BIJOUTERIE",,,67
,6792,"CONTRATS BLEU BIJOUTERIE",,,67
,6793,"ALIGNEMENT CONCURRENCE",,,67
,6798,"CAISSE RAYON 67",,,67
,6799,REMBOURSEMENT,,,67
,7100,"LIVRAISON A DOMICILE",,,71
,7101,"LIVRAISON SANS PREPARATION",,,71
,7102,"ENLEVEMENT ET PREPARATION",,,71
,715,MERCERIE,,,
,7190,"ECART DE PRIX",,,71
,7191,"CASSE A LA LIVRAISON",,,71
,7198,"CAISSE RAYON 71",,,71
,7200,"BONS DE REDUCTION",,,72
,721,REPAS,,,
,722,"HYGIENE - TOILETTE",,,
,723,"SECURITE PREVENTION",,,
,726,"ACCESSOIRES DE LIT",,,
,727,JEUX,,,
,7298,"CAISSE RAYON 72",,,72
,7400,CARBURANT,,,74
,7410,"ANCIENNE STRUCTURE",,,74
,747,PARAPLUIE,,,
,7498,"CAISSE RAYON 74",,,74
,7520,GAZ,,,75
,7598,"CAISSE RAYON 75",,,75
,763,"CHAUSSURE BEBE",,,
,775,"SPORT BEBE",,,
,790,"ACCESSOIRE CHAUSSURE",,,
,800,"PETIT DEJEUNER",,,
,8000,"CD 2 TITRES",,,80
,8001,"MEILLEURES VENTES",,,80
,8002,"COMPACT DISQUE",,,80
,8003,"BLU-RAY AUDIO",,,80
,8004,"FOLKLORE MUSIQUE DU MONDE CD",,,80
,8005,"FOLKLORE MUSIQUE DU MONDE K7",,,80
,8006,"MUSIQUE ENFANT",,,80
,8008,"PRODUITS DERIVES",,,80
,8009,"NOUVEAUX SUPPORTS",,,80
,801,"PREPARATIONS ALIMENTAIRE",,,
,805,RASOIR,,,
,807,"MIEN ETRE DANS LA MAISON",,,
,808,"PIECES DETACHEES",,,
,8098,"CAISSE RAYON 80",,,80
,8099,"GESTION METIER MUSIQUE",,,80
,8110,"HD ENFANT / FAMILLE",,,81
,8111,"HD FILM",,,81
,8112,"HD HORS FILM",,,81
,8113,"HD COFFRET",,,81
,8114,"HD COLLECTION PROMO",,,81
,8115,"DVD ENFANT / FAMILLE",,,81
,8116,"DVD FILM",,,81
,8117,"DVD HORS FILM",,,81
,8118,"DVD COFFRET",,,81
,8119,"DVD COLLECTION PROMO",,,81
,815,"MATERIEL PROFESSIONNEL",,,
,8198,"CAISSE RAYON 81",,,81
,8199,"GESTION METIER VIDEO",,,81
,821,PELLICULES,,,
,8220,"ACTUALITE LITTERAIRE",,,82
,8221,LITTERATURE,,,82
,8222,"POCHE LITTERATURE",,,82
,8223,"POCHE SENTIMENTAL",,,82
,8224,"POCHE POLICIER THRILLER",,,82
,8225,"SCIENCE FICTION-TERREUR",,,82
,8230,CUISINE,,,82
,8231,MEDECINE-SANTE,,,82
,8232,ASTROLOGIE-ESOTERISME,,,82
,8233,"FAUNE ET FLORE",,,82
,8234,LOISIRS,,,82
,8235,CONNAISSANCE-FORMATION,,,82
,8236,TOURISME,,,82
,8237,"LIVRE INFORMATIQUE",,,82
,8239,"BEAUX LIVRES",,,82
,8240,"CAHIER VACANCES-SOUTIEN",,,82
,8241,"LIVRE DE SOUTIEN-EXAMENS",,,82
,8242,"CLASSIQUE ET SPECIFIQUE",,,82
,8243,"DICTIONNAIRES ET METHODES",,,82
,8250,DISNEY,,,82
,8251,"COLORIAGE ET COLLAGE",,,82
,8252,"LIVRE 0 A 3 ANS",,,82
,8253,"LIVRE 3 A 6 ANS",,,82
,8254,"LIVRE 6 A 9 ANS",,,82
,8255,"LIVRE A PARTIR DE 9 ANS",,,82
,8256,"POCHE JEUNESSE",,,82
,8257,MANGA,,,82
,8258,"BANDES DESSINEES",,,82
,8298,"CAISSE RAYON 82",,,82
,8299,"GESTION METIER LIBRAIRIE",,,82
,8350,"LOGICIEL DE JEUX",,,83
,8351,"LOGICIEL CULTUREL-EDUCATIF",,,83
,8352,"DVD ROM DE JEUX",,,83
,8353,"DVD ROM CULTUREL-EDUCATIF",,,83
,8360,CONSOLE,,,83
,8361,"ACCESSOIRE CONSOLE PLAYSTATION",,,83
,8362,"ACC CONSOLE XBOX 360",,,83
,8363,"ACCESSOIRE CONSOLE X-BOX",,,83
,8364,"ACCESSOIRE CONSOLE WII/GC",,,83
,8365,"ACCESSOIRE CONSOLE PSP",,,83
,8366,"ACCESSOIRE CONSOLE GAME BOY",,,83
,8367,"GUIDE DE JEUX CONSOLE",,,83
,8368,"JEUX CONSOLE DE SALON",,,83
,8369,"JEUX CONSOLE PORTABLE",,,83
,8398,"CAISSE RAYON 83",,,83
,8399,"GESTION METIER JEUX VIDEO-LOG",,,83
,8438,PRESSE,,,84
,8498,"CAISSE RAYON 84",,,84
,8499,"GESTION METIER LIBRAIRIE",,,84
,852,CADEAUX,,,
,880,"PETIT SON",,,
,887,"ACCESSOIRES SON",,,
,941,PERIPHERIQUES,,,
,955,"BOIS DE CHAUFFAGE",,,
,9998,"CAISSE RAYON 99",,,99
,9999,"NON AFFECTEE",,,99
